-- phpMyAdmin SQL Dump
-- version 5.2.1
-- https://www.phpmyadmin.net/
--
-- Host: 127.0.0.1
-- Generation Time: Dec 06, 2025 at 06:41 AM
-- Server version: 10.4.32-MariaDB
-- PHP Version: 8.2.12

SET SQL_MODE = "NO_AUTO_VALUE_ON_ZERO";
START TRANSACTION;
SET time_zone = "+00:00";


/*!40101 SET @OLD_CHARACTER_SET_CLIENT=@@CHARACTER_SET_CLIENT */;
/*!40101 SET @OLD_CHARACTER_SET_RESULTS=@@CHARACTER_SET_RESULTS */;
/*!40101 SET @OLD_COLLATION_CONNECTION=@@COLLATION_CONNECTION */;
/*!40101 SET NAMES utf8mb4 */;

--
-- Database: `gift_finder`
--

-- --------------------------------------------------------

--
-- Table structure for table `age_ranges`
--

CREATE TABLE `age_ranges` (
  `id` int(11) NOT NULL,
  `name` varchar(50) NOT NULL,
  `min_age` int(11) DEFAULT NULL,
  `max_age` int(11) DEFAULT NULL,
  `display_name` varchar(100) DEFAULT NULL
) ENGINE=InnoDB DEFAULT CHARSET=utf8mb4 COLLATE=utf8mb4_unicode_ci;

--
-- Dumping data for table `age_ranges`
--

INSERT INTO `age_ranges` (`id`, `name`, `min_age`, `max_age`, `display_name`) VALUES
(1, 'any', 0, 150, 'All Ages'),
(2, '0-3y', 0, 3, '0-3y'),
(3, '4-6y', 4, 6, '4-6y'),
(4, '7-12y', 7, 12, '7-12y'),
(5, '13-18y', 13, 18, '13-18y'),
(6, '19-25y', 19, 25, '19-25y'),
(7, '26-35y', 26, 35, '26-35y'),
(8, '36-50y', 36, 50, '36-50y'),
(9, '50y+', 51, 150, '50y+');

-- --------------------------------------------------------

--
-- Table structure for table `bookmarks`
--

CREATE TABLE `bookmarks` (
  `id` int(11) NOT NULL,
  `user_id` int(11) NOT NULL,
  `product_id` int(11) NOT NULL,
  `folder_id` int(11) DEFAULT NULL,
  `created_at` timestamp NOT NULL DEFAULT current_timestamp()
) ENGINE=InnoDB DEFAULT CHARSET=utf8mb4 COLLATE=utf8mb4_unicode_ci;

--
-- Dumping data for table `bookmarks`
--

INSERT INTO `bookmarks` (`id`, `user_id`, `product_id`, `folder_id`, `created_at`) VALUES
(44, 1, 20, 8, '2025-12-05 13:14:13'),
(45, 1, 20, 14, '2025-12-05 14:48:50');

-- --------------------------------------------------------

--
-- Table structure for table `bookmark_folders`
--

CREATE TABLE `bookmark_folders` (
  `id` int(11) NOT NULL,
  `user_id` int(11) NOT NULL,
  `name` varchar(190) NOT NULL DEFAULT 'รายการของฉัน',
  `created_at` timestamp NOT NULL DEFAULT current_timestamp()
) ENGINE=InnoDB DEFAULT CHARSET=utf8mb4 COLLATE=utf8mb4_unicode_ci;

--
-- Dumping data for table `bookmark_folders`
--

INSERT INTO `bookmark_folders` (`id`, `user_id`, `name`, `created_at`) VALUES
(2, 3, 'Favorites', '2025-11-24 05:23:54'),
(3, 3, 'you', '2025-11-24 06:10:36'),
(4, 3, 'hi', '2025-11-24 10:02:38'),
(5, 5, 'kuy', '2025-11-26 07:46:48'),
(6, 3, 'try', '2025-11-26 15:07:07'),
(7, 3, 'tryy', '2025-11-26 15:07:29'),
(8, 1, 'Favorite', '2025-11-26 16:23:11'),
(9, 1, 'าาาา', '2025-11-28 04:39:48'),
(10, 6, 'Favorite', '2025-11-28 04:41:49'),
(11, 3, 'Favorite', '2025-11-28 05:09:31'),
(12, 5, 'Favorite', '2025-11-28 07:25:20'),
(13, 6, 'jjj', '2025-11-28 14:01:52'),
(14, 1, 'try', '2025-12-05 14:48:50');

-- --------------------------------------------------------

--
-- Table structure for table `budget_options`
--

CREATE TABLE `budget_options` (
  `id` int(11) NOT NULL,
  `name` varchar(100) NOT NULL,
  `min_price` decimal(10,2) DEFAULT 0.00,
  `max_price` decimal(10,2) DEFAULT 999999.99,
  `display_order` int(11) DEFAULT 0
) ENGINE=InnoDB DEFAULT CHARSET=utf8mb4 COLLATE=utf8mb4_unicode_ci;

--
-- Dumping data for table `budget_options`
--

INSERT INTO `budget_options` (`id`, `name`, `min_price`, `max_price`, `display_order`) VALUES
(1, '0-500 THB', 0.00, 500.00, 1),
(2, '501-1000 THB', 500.01, 1000.00, 2),
(3, '1001-2000 THB', 1000.01, 2000.00, 3),
(4, '2000+ THB', 2000.01, 999999.99, 4);

-- --------------------------------------------------------

--
-- Table structure for table `categories`
--

CREATE TABLE `categories` (
  `id` int(11) NOT NULL,
  `name` varchar(190) NOT NULL
) ENGINE=InnoDB DEFAULT CHARSET=utf8mb4 COLLATE=utf8mb4_unicode_ci;

--
-- Dumping data for table `categories`
--

INSERT INTO `categories` (`id`, `name`) VALUES
(12, 'Art & Music'),
(3, 'Beauty & Personal Care'),
(13, 'DIY & Crafts'),
(6, 'Electronics'),
(8, 'Fashion & Jewelry'),
(5, 'Food, Drinks & Cooking'),
(7, 'Gaming & Accessories'),
(11, 'Health & Supplements'),
(10, 'Home & Lifestyle'),
(4, 'Pets'),
(9, 'Stationery & Books'),
(2, 'Toys & Kids'),
(1, 'travel & Outdoors');

-- --------------------------------------------------------

--
-- Table structure for table `genders`
--

CREATE TABLE `genders` (
  `id` int(11) NOT NULL,
  `name` varchar(50) NOT NULL,
  `display_name` varchar(50) NOT NULL DEFAULT '',
  `icon` varchar(50) DEFAULT NULL
) ENGINE=InnoDB DEFAULT CHARSET=utf8mb4 COLLATE=utf8mb4_unicode_ci;

--
-- Dumping data for table `genders`
--

INSERT INTO `genders` (`id`, `name`, `display_name`, `icon`) VALUES
(1, 'any', 'Any', NULL),
(2, 'male', 'Male', NULL),
(3, 'female', 'Female', NULL);

-- --------------------------------------------------------

--
-- Table structure for table `gift_recipients`
--

CREATE TABLE `gift_recipients` (
  `id` int(11) NOT NULL,
  `name` varchar(190) DEFAULT NULL,
  `relationship` varchar(190) DEFAULT NULL,
  `gender` varchar(50) DEFAULT NULL,
  `age_range` varchar(50) DEFAULT NULL,
  `budget` varchar(50) DEFAULT NULL,
  `category` varchar(100) DEFAULT NULL,
  `user_id` int(11) NOT NULL,
  `created_at` timestamp NOT NULL DEFAULT current_timestamp()
) ENGINE=InnoDB DEFAULT CHARSET=utf8mb4 COLLATE=utf8mb4_unicode_ci;

-- --------------------------------------------------------

--
-- Table structure for table `interests`
--

CREATE TABLE `interests` (
  `id` int(11) NOT NULL,
  `name` varchar(190) NOT NULL
) ENGINE=InnoDB DEFAULT CHARSET=utf8mb4 COLLATE=utf8mb4_unicode_ci;

-- --------------------------------------------------------

--
-- Table structure for table `products`
--

CREATE TABLE `products` (
  `id` int(11) NOT NULL,
  `name` varchar(190) NOT NULL,
  `description` text DEFAULT NULL,
  `image_url` varchar(500) DEFAULT NULL,
  `created_at` timestamp NOT NULL DEFAULT current_timestamp()
) ENGINE=InnoDB DEFAULT CHARSET=utf8mb4 COLLATE=utf8mb4_unicode_ci;

--
-- Dumping data for table `products`
--

INSERT INTO `products` (`id`, `name`, `description`, `image_url`, `created_at`) VALUES
(11, 'รูปปริ้นรูปโฟโต้ / ทำรูปตามสั่ง', 'รูปพิมพ์โฟโต้คุณภาพสูง ปริ้นจากภาพถ่ายที่คุณชื่นชอบ ไม่ว่าจะเป็นช่วงเวลาพิเศษกับครอบครัว ทริปท่องเที่ยว หรือโมเมนต์น่ารักกับคนรัก สามารถเลือกขนาด รูปแบบกระดาษ (เงา/ด้าน/ผิวลาย) และกรอบแต่งเพิ่มได้ตามต้องการ เหมาะสำหรับใช้ตกแต่งบ้าน ให้เป็นของขวัญ หรือเก็บไว้เป็นความทรงจำอันล้ำค่า', 'https://down-th.img.susercontent.com/file/th-11134207-7rasb-m41yqgz873yi03.webp', '2025-11-28 07:37:54'),
(12, 'DJI Pocket 3 - Pocket Gimbal Camera | กล้องถ่ายถาพนิ่งเเละวิดีโอ | 1-Inch CMOS 4K/120fps', 'DJI Pocket 3 คือกล้อง Gimbal ขนาดพกพาที่มาพร้อมเซ็นเซอร์ 1-Inch CMOS ให้คุณภาพภาพวิดีโอระดับมืออาชีพถึง 4K 120fps พร้อมระบบกันสั่นอัจฉริยะที่ทำให้ทุกช็อตเนียนนิ่มเหมือนถ่ายด้วยมือที่มั่นคง! หน้าจอแบบพับได้ขนาดใหญ่ ช่วยให้คุณจัดองค์ประกอบภาพได้ง่ายยิ่งขึ้น ไม่ว่าจะถ่าย Vlog, ท่องเที่ยว, หรือบันทึกช่วงเวลาพิเศษในชีวิตประจำวัน ก็คมชัด นิ่ง ครบจบในอุปกรณ์เดียว ขนาดเล็กพอใส่กระเป๋า แต่ประสิทธิภาพเกินตัว!', 'https://img.lazcdn.com/g/p/0fa3d47437e042c04d4964b7b99cadcd.jpg_2200x2200q80.jpg_.webp', '2025-11-28 07:48:23'),
(13, 'MOFii โคมไฟน่ารัก LUCKY CAT น้องแมวนำโชค ปังๆ เฮงๆ ปรับระดับแสงไฟและตั้งเวลาได้', 'โคมไฟน้องแมวนำโชคจาก MOFii มาในดีไซน์น่ารัก นุ่มนิ่ม สร้างบรรยากาศอบอุ่นให้ห้องของคุณ! ไม่เพียงแค่ตกแต่ง แต่ยังเสริมความเฮงด้วยคอนเซปต์ “แมวชูอุ้งนำโชค” ตามความเชื่อเอเชีย 🍀 ปรับระดับความสว่างได้หลายระดับ ตั้งเวลาปิดอัตโนมัติได้ตามต้องการ เหมาะเป็นโคมไฟข้างเตียง ไฟอ่านหนังสือ หรือไฟสร้างมู้ดให้โต๊ะทำงาน ทั้งใช้งานได้จริงและถูกใจคนรักแมว!', 'https://down-th.img.susercontent.com/file/th-11134207-7r98s-lviszwy3yj7edc.webp', '2025-11-28 08:04:29'),
(14, 'XUTI ลู่วิ่งไฟฟ้าพับได้ 3.5 แรงม้า ความเร็ว 0.8 - 16 กม./ชม.', 'ลู่วิ่งไฟฟ้าจาก XUTI รุ่นพับเก็บได้ ดีไซน์เรียบหรู ประหยัดพื้นที่ แต่แรงม้าเต็มเปี่ยมด้วยมอเตอร์ 3.5 แรงม้า รองรับความเร็วตั้งแต่ 0.8 ถึง 16 กม./ชม. เหมาะกับทั้งการเดินเร็ว วิ่งจ๊อกกิ้ง หรือฝึกคาร์ดิโออย่างจริงจัง! แผ่นวิ่งกว้าง ระบบกันกระแทกช่วยลดแรงกระแทกที่ข้อเข่า พร้อมฟังก์ชันตั้งเวลา วัดระยะทาง แคลอรี่ และอัตราการเต้นของหัวใจ (ถ้ามีเซ็นเซอร์) ออกกำลังกายที่บ้านได้ทุกวัน ไม่ต้องกลัวแดด กลัวฝน!', 'https://scontent.fbkk23-1.fna.fbcdn.net/v/t39.30808-6/578273149_3134179840100495_1743816317857387868_n.jpg?_nc_cat=106&ccb=1-7&_nc_sid=aa7b47&_nc_ohc=YYG37lLBLuMQ7kNvwGSwaPu&_nc_oc=Adlr_Z5EwX-ZzuREgiIpV43d0C9gOSGhx0-AKO6SLTcmaBWmtUMOUcJ_0JzMZTqNUU-YpBpCOuW9qkUIYM96n5tX&_nc_zt=23&_nc_ht=scontent.fbkk23-1.fna&_nc_gid=ZE0vuWKMDOWtjdZEMuZnKw&oh=00_Afhk0X_JwEE8NgIGAIj90zXjcpAOQT-cb8IAyreJKqULeg&oe=692F1955', '2025-11-28 08:10:55'),
(15, 'KEEP GOING MAX ดัมเบลล์ 4kg 5kg 6kg 10 กก. หัวดัมเบลล์เฮกอนอลและดัมเบลล์ในการปรับน้ำหนักของอุปกรณ์เคลื่อนไหวบนดัมเบลส์', 'ดัมเบลล์จาก KEEP GOING MAX มาในดีไซน์หัวหกเหลี่ยม (Hexagonal) ป้องกันการกลิ้ง ทำจากวัสดุคุณภาพสูง ทนทาน ไม่เป็นสนิม ให้คุณเลือกน้ำหนักได้ตั้งแต่ 4kg, 5kg, 6kg ไปจนถึง 10kg — เหมาะทั้งมือใหม่และมือโปร! ใช้ได้หลากหลายทั้งเวทเทรนนิ่ง คาร์ดิโอ หรือฟื้นฟูร่างกาย บางรุ่นสามารถปรับน้ำหนักได้ในตัว หรือใช้ร่วมกับอุปกรณ์เสริมเพื่อเพิ่มความท้าทาย ดีไซน์ก้านจับกระชับมือ ไม่ลื่น ออกกำลังกายที่บ้านได้ทุกวัน แบบไม่ต้องเข้าฟิตเนส!', 'https://down-th.img.susercontent.com/file/th-11134207-7ras9-m4e4ne9e400n6d.webp', '2025-11-28 08:16:08'),
(16, 'GENIO LAMODE 【โค้ทกันแดดสุดฮิต】 ผ้าPremium UPF50+ เย็นทันที-บางเบา！！ กันน้ำกันฝน เสื้อกันแดดชายหญิง ป้องกันยูวี+ระบายอากาศข้างตัว บางเบาระบายอากาศดี M-4XL', 'โค้ทกันแดดจาก GENIO LAMODE ผลิตจากผ้าพรีเมียมคุณภาพสูง ที่ให้การป้องกันรังสี UV ระดับ UPF50+ ช่วยบล็อกแสงแดดอันตรายได้มากกว่า 98%! เนื้อผ้า บางเบา ระบายอากาศดี และให้ความรู้สึก เย็นทันที เมื่อสัมผัสผิว พร้อมคุณสมบัติ กันน้ำ กันฝน เหมาะทั้งวันแดดจัดและวันฝนตกปรอย ๆ ดีไซน์เรียบหรู สวมได้ทั้งชายและหญิง ใส่ได้ทุกวัน ไม่ว่าจะไปเรียน ทำงาน ท่องเที่ยว หรือปั่นจักรยาน — สวมปุ๊บ ปังปุริเย่ทันที!', 'https://down-th.img.susercontent.com/file/sg-11134201-7ravs-mal0s2s23tdib6.webp', '2025-11-28 08:30:17'),
(17, 'MENSPE หมวกกลางแจ้ง หมวกปีนเขา หมวกเดินป่า หมวก ชาวประมง หมวกแห้งเร็วสวมใส่สบาย หมวกระบายอากาศ หมวกกันแดดแบบยูนิเซ็กซ์ หมวกฤดูร้อน หมวกปีกกว้างสำหรับปีนเขา', 'หมวกกลางแจ้งจาก MENSPE ออกแบบมาเพื่อคนรักการผจญภัย! ไม่ว่าจะ ปีนเขา เดินป่า ตกปลา หรือเที่ยวทะเล หมวกนี้ก็พร้อมคุ้มครองคุณจากแสงแดดด้วย ปีกกว้าง และเทคโนโลยีผ้า แห้งเร็ว ระบายอากาศดี สวมใส่สบายตลอดวัน ไม่อับร้อน ไม่หนักศีรษะ แถมยังเป็นดีไซน์ ยูนิเซ็กซ์ — ใส่ได้ทั้งชายและหญิง! เหมาะกับฤดูร้อนหรือกิจกรรมกลางแจ้งทุกประเภท ทั้งใช้งานได้จริงและดูดีมีสไตล์!', 'https://down-th.img.susercontent.com/file/cn-11134207-7ras8-m913suamz0k234@resize_w450_nl.webp', '2025-11-28 08:33:58'),
(18, 'ร่มพับอัตโนมัติ อัตโนมัติ UV สำหรับวันที่แดดจัดและฝนตกคุณภาพร่ม UV เสริมโครง', 'ร่มพับอัตโนมัติคุณภาพพรีเมียม ออกแบบมาเพื่อปกป้องคุณจากทั้ง แดดจัดและฝนตก ในวันที่สภาพอากาศเปลี่ยนแปลงได้ทุกเมื่อ! ผ้าร่มเคลือบ เทคโนโลยีกันรังสี UV ช่วยบล็อกแสงแดดอันตรายได้สูงสุด พร้อม โครงเสริมแข็งแรง จากไฟเบอร์กลาสหรือเหล็กคุณภาพ ทนลม ไม่พลิก ไม่หักง่าย ระบบเปิด-ปิดอัตโนมัติช่วยให้ใช้งานง่ายเพียงปลายนิ้ว ขนาดพับเล็ก พกพาสะดวก ใส่กระเป๋าหรือแฮนด์แบ็กได้ทันที — ทั้งใช้งานได้จริงและดูดีมีสไตล์!', 'https://down-th.img.susercontent.com/file/th-11134207-7rasa-m27kaxj58lwh2e.webp', '2025-11-28 08:40:19'),
(19, 'ลา โรช-โพเซย์ La Roche-Posay Anthelios UVMUNE400 Oil Control Fluid SPF50+ และ PA++++ 50ml.กันแดดเนื้อฟลูอิดสำหรับผิวมัน', 'ครีมกันแดดสูตร เนื้อฟลูอิดเบาบาง จาก La Roche-Posay รุ่น Anthelios UVMUNE400 Oil Control Fluid ถูกพัฒนามาเพื่อ ผิวมันและผิวผสม โดยเฉพาะ! ให้การปกป้องขั้นสูงสุดด้วยค่า SPF50+ และ PA++++ พร้อมเทคโนโลยี UVMUNE 400 ที่บล็อกทั้งรังสี UVA ยาวพิเศษ (Long UVA) และ UVB ได้อย่างครอบคลุม ช่วยควบคุมความมันตลอดวัน ไม่ทิ้งคราบขาว ไม่อุดตันรูขุมขน ไม่ก่อให้เกิดสิว และยังกันน้ำ กันเหงื่อได้ดี เหมาะทั้งใช้เดี่ยวหรือเป็นเบสเมคอัพรองพื้น — ผิวสวยแมตต์ ไม่มันวาว ตั้งแต่เช้าจรดเย็น!', 'https://down-th.img.susercontent.com/file/th-11134207-81zto-me5lmbr8x14y9a.webp', '2025-11-28 08:44:00'),
(20, 'MizuMi UV Bright Body Serum (180 ml) เซรั่มกันแดดทาผิวกาย เบาสบายผิว หอมละมุน', 'เซรั่มกันแดดสำหรับผิวกายจาก MizuMi สูตร UV Bright Body Serum ขนาด 180 ml ผสานคุณค่าการปกป้องแสงแดดและการบำรุงในขั้นตอนเดียว! เนื้อเซรั่ม บางเบา ซึมเร็ว ไม่เหนอะหนะ ให้ความรู้สึกสบายผิวเหมือนไม่ได้ทาอะไร พร้อมมอบกลิ่นหอมอ่อนๆ ละมุนละไม ช่วยปรับผิวให้กระจ่างใส ไม่หมองคล้ำจากแดด พร้อมค่ากันแดดที่ปกป้องทั้ง UVA/UVB (แม้ไม่ระบุค่า SPF ชัดเจนในชื่อ แต่เป็นผลิตภัณฑ์กันแดดสำหรับกลางแจ้ง) — เหมาะกับทุกวัน ทั้งไปเที่ยว ทำงาน หรือใส่ชุดเปิดผิว!', 'https://down-th.img.susercontent.com/file/a83d6548907af804c0840ab6edb792bf.webp', '2025-11-28 08:46:56'),
(21, 'ANESSA อเนสซ่า เพอร์เฟค ยูวี ซันสกรีน สกินแคร์ มิลค์ NA SPF50+PA++++ 60 มล.', 'ครีมกันแดดสูตรนมจากแบรนด์ยอดนิยมจากญี่ปุ่น ANESSA (อเนสซ่า) — รุ่น Perfect UV Skincare Milk NA ขนาด 60 มล. มอบการปกป้องผิวขั้นสุดด้วยค่า SPF50+ และ PA++++ พร้อมเทคโนโลยีลิขสิทธิ์ Aqua Booster EX ที่ยิ่งเจอเหงื่อหรือน้ำ ยิ่งกันแดดได้ดีขึ้น! เนื้อมิลค์บางเบา ซึมเร็ว ไม่ทิ้งหน้ามัน ไม่เป็นคราบขาว พร้อมบำรุงผิวด้วยส่วนผสมสกินแคร์ เช่น Hyaluronic Acid และ Aloe Extract ช่วยให้ผิวชุ่มชื้น ไม่แห้งตึง แม้ใช้ทั้งวัน — เหมาะทุกสภาพกิจกรรม ทั้งไปเที่ยว ทำงาน หรือออกกำลังกายกลางแจ้ง!', 'https://down-th.img.susercontent.com/file/th-11134207-7r98q-lws0a6tlbq9cc2.webp', '2025-11-28 08:50:30'),
(22, 'Thermos® FJQ-2000 กระติกสูญญากาศหูหิ้ว (2000ml) เก็บความร้อน เก็บความเย็น', 'กระติกสูญญากาศ Thermos® รุ่น FJQ-2000 ขนาดใหญ่จุใจ 2 ลิตร มาพร้อมหูหิ้วอย่างดี ใช้งานสะดวก แข็งแรง ทนทาน! ผลิตด้วยเทคโนโลยีสูญญากาศระดับพรีเมียมจากแบรนด์ระดับโลก Thermos® ช่วย เก็บความร้อนได้นานสูงสุด 24 ชม. และ เก็บความเย็นได้ถึง 48 ชม. เหมาะสำหรับทั้งน้ำอุ่น น้ำเย็น น้ำแข็ง หรือแม้แต่ซุปร้อน! วัสดุสแตนเลสคุณภาพสูง ไม่เป็นสนิม ปลอดภัย ไม่แต่งสี ดีไซน์เรียบหรู ใช้ได้ทั้งในบ้าน สำนักงาน ปิกนิก หรือเดินทางไกล — ตอบโจทย์ทุกไลฟ์สไตล์ที่ต้องการความสดใหม่ตลอดวัน!', 'https://down-th.img.susercontent.com/file/th-11134207-7rasg-madt9wwglcqn13.webp', '2025-11-28 08:53:56'),
(23, 'Seagull กระติกน้ำสูญญากาศ เออเบิ้น 0.75 ลิตร', 'กระติกน้ำสูญญากาศจาก Seagull รุ่น เออเบิ้น ขนาด 0.75 ลิตร (750 ml) ดีไซน์ทันสมัย เรียบหรู มินิมอล สะท้อนสไตล์ชีวิตคนเมือง! ผลิตจากสแตนเลสคุณภาพสูง 2 ชั้น พร้อมเทคโนโลยีสูญญากาศที่ช่วย เก็บความร้อนได้นาน 6–12 ชม. และ เก็บความเย็นได้ถึง 12–24 ชม. น้ำหนักเบา พกพาสะดวก พร้อมฝาปิดแน่นหนา ไม่รั่วซึม — เหมาะพกไปทำงาน ไปเรียน ออกกำลังกาย หรือท่องเที่ยวแบบเบา ๆ ทั้งยังช่วยลดการใช้พลาสติก ใส่ใจสิ่งแวดล้อมในทุกอุ้มจิบ!', 'https://down-th.img.susercontent.com/file/th-11134207-7ra0i-md1as963kodi3e.webp', '2025-11-28 08:58:45');

-- --------------------------------------------------------

--
-- Table structure for table `product_budgets`
--

CREATE TABLE `product_budgets` (
  `product_id` int(11) NOT NULL,
  `budget_id` int(11) NOT NULL
) ENGINE=InnoDB DEFAULT CHARSET=utf8mb4 COLLATE=utf8mb4_unicode_ci;

--
-- Dumping data for table `product_budgets`
--

INSERT INTO `product_budgets` (`product_id`, `budget_id`) VALUES
(11, 1),
(12, 4),
(13, 1),
(14, 4),
(15, 1),
(16, 3),
(17, 1),
(18, 1),
(19, 2),
(20, 1),
(21, 2),
(22, 4),
(23, 2);

-- --------------------------------------------------------

--
-- Table structure for table `product_categories`
--

CREATE TABLE `product_categories` (
  `product_id` int(11) NOT NULL,
  `category_id` int(11) NOT NULL
) ENGINE=InnoDB DEFAULT CHARSET=utf8mb4 COLLATE=utf8mb4_unicode_ci;

--
-- Dumping data for table `product_categories`
--

INSERT INTO `product_categories` (`product_id`, `category_id`) VALUES
(11, 10),
(11, 12),
(12, 6),
(12, 10),
(13, 4),
(13, 10),
(13, 12),
(14, 10),
(14, 11),
(15, 11),
(16, 1),
(16, 8),
(16, 10),
(17, 1),
(17, 8),
(17, 10),
(18, 1),
(18, 10),
(19, 3),
(20, 3),
(21, 3),
(22, 1),
(22, 5),
(22, 10),
(23, 1),
(23, 5),
(23, 10);

-- --------------------------------------------------------

--
-- Table structure for table `product_external_urls`
--

CREATE TABLE `product_external_urls` (
  `id` int(11) NOT NULL,
  `product_id` int(11) NOT NULL,
  `url` varchar(1000) NOT NULL,
  `source_name` varchar(100) DEFAULT NULL,
  `min_price` decimal(10,2) NOT NULL,
  `max_price` decimal(10,2) NOT NULL,
  `currency` varchar(10) DEFAULT 'THB',
  `created_at` timestamp NOT NULL DEFAULT current_timestamp()
) ;

--
-- Dumping data for table `product_external_urls`
--

INSERT INTO `product_external_urls` (`id`, `product_id`, `url`, `source_name`, `min_price`, `max_price`, `currency`, `created_at`) VALUES
(34, 11, 'https://shopee.co.th/-%E0%B8%A3%E0%B8%AD%E0%B8%9A%E0%B8%AA%E0%B9%88%E0%B8%87%E0%B8%88%E0%B8%B1%E0%B8%99%E0%B8%97%E0%B8%A3%E0%B9%8C1-12%E0%B8%8A%E0%B9%88%E0%B8%A7%E0%B8%87%E0%B8%84%E0%B9%88%E0%B8%B3-%E0%B8%A3%E0%B8%B1%E0%B8%9A%E0%B8%97%E0%B8%B3-%E0%B9%82%E0%B8%9E%E0%B8%A5%E0%B8%B2%E0%B8%A3%E0%B8%AD%E0%B8%A2%E0%B8%94%E0%B9%8C-%E0%B9%80%E0%B8%A5%E0%B8%B7%E0%B8%AD%E0%B8%81%E0%B8%A3%E0%B8%B9%E0%B8%9B%E0%B9%80%E0%B8%AD%E0%B8%87%E0%B9%84%E0%B8%94%E0%B9%89-%E0%B8%81%E0%B8%A3%E0%B8%B0%E0%B8%94%E0%B8%B2%E0%B8%A9%E0%B9%82%E0%B8%9F%E0%B9%82%E0%B8%95%E0%B9%89-(%E0%B8%88%E0%B8%B1%E0%B8%94%E0%B8%97%E0%B8%B31-3%E0%B8%A7%E0%B8%B1%E0%B8%99-%E0%B9%84%E0%B8%A1%E0%B9%88%E0%B8%A1%E0%B8%B5%E0%B8%9B%E0%B8%A5%E0%B8%B2%E0%B8%A2%E0%B8%97%E0%B8%B2%E0%B8%87%E0%B8%84%E0%B9%88%E0%B8%B0)-%E0%B8%A3%E0%B8%B1%E0%B8%9A%E0%B8%9B%E0%B8%A3%E0%B8%B4%E0%B9%89%E0%B8%99%E0%B8%A3%E0%B8%B9%E0%B8%9B-i.409858980.20566785860?extraParams=%7B%22display_model_id%22%3A29289127373%2C%22model_selection_logic%22%3A3%7D&sp_atk=cd440615-9927', 'Shopee', 25.00, 35.00, 'THB', '2025-11-28 07:39:14'),
(35, 11, 'https://www.lazada.co.th/products/pdp-i5501007175-s23352983997.html?c=&channelLpJumpArgs=&clickTrackInfo=query%253A%2525E0%2525B8%2525A0%2525E0%2525B8%2525B2%2525E0%2525B8%25259E%2525E0%2525B8%252596%2525E0%2525B9%252588%2525E0%2525B8%2525B2%2525E0%2525B8%2525A2%253Bnid%253A5501007175%253Bsrc%253ALazadaMainSrp%253Brn%253A54855a8254cee6cea9f25b4ed07bdc26%253Bregion%253Ath%253Bsku%253A5501007175_TH%253Bprice%253A39%253Bclient%253Adesktop%253Bsupplier_id%253A100189506078%253Bbiz_source%253Ah5_hp%253Bslot%253A8%253Butlog_bucket_id%253A470687%253Basc_category_id%253A11926%253Bitem_id%253A5501007175%253Bsku_id%253A23352983997%253Bshop_id%253A1999452%253BtemplateInfo%253A107882_D_E%2523-1_A3_C%25231122_L%2523164363_J%2523&freeshipping=1&fs_ab=2&fuse_fs=&lang=en&location=Saraburi&price=39&priceCompare=skuId%3A23352983997%3Bsource%3Alazada-search-voucher%3Bsn%3A54855a8254cee6cea9f25b4ed07bdc26%3BoriginPrice%3A3900%3BdisplayPrice%3A3900%3BsinglePromotionId%3A-1%3BsingleToolCode%3AmockedSalePrice', 'Lazada', 39.00, 49.00, 'THB', '2025-11-28 07:39:14'),
(36, 12, 'https://shopee.co.th/-%E0%B8%9E%E0%B8%A3%E0%B9%89%E0%B8%AD%E0%B8%A1%E0%B8%AA%E0%B9%88%E0%B8%87-DJI-Pocket-3-Pocket-Gimbal-Camera-%E0%B8%81%E0%B8%A5%E0%B9%89%E0%B8%AD%E0%B8%87%E0%B8%96%E0%B9%88%E0%B8%B2%E0%B8%A2%E0%B8%96%E0%B8%B2%E0%B8%9E%E0%B8%99%E0%B8%B4%E0%B9%88%E0%B8%87%E0%B9%80%E0%B9%80%E0%B8%A5%E0%B8%B0%E0%B8%A7%E0%B8%B4%E0%B8%94%E0%B8%B5%E0%B9%82%E0%B8%AD-1-Inch-CMOS-4K-120fps-i.397148795.19685611322?extraParams=%7B%22display_model_id%22%3A184675201821%7D', 'Shopee', 17900.00, 23800.00, 'THB', '2025-11-28 07:48:23'),
(37, 12, 'https://www.lazada.co.th/products/pdp-i4924138841-s20729611159.html?c=&channelLpJumpArgs=&clickTrackInfo=query%253ADJI%252BPocket%252B3%252B-%252BPocket%252BGimbal%252BCamera%252B%25257C%252B%2525E0%2525B8%252581%2525E0%2525B8%2525A5%2525E0%2525B9%252589%2525E0%2525B8%2525AD%2525E0%2525B8%252587%2525E0%2525B8%252596%2525E0%2525B9%252588%2525E0%2525B8%2525B2%2525E0%2525B8%2525A2%2525E0%2525B8%252596%2525E0%2525B8%2525B2%2525E0%2525B8%25259E%2525E0%2525B8%252599%2525E0%2525B8%2525B4%2525E0%2525B9%252588%2525E0%2525B8%252587%2525E0%2525B9%252580%2525E0%2525B9%252580%2525E0%2525B8%2525A5%2525E0%2525B8%2525B0%2525E0%2525B8%2525A7%2525E0%2525B8%2525B4%2525E0%2525B8%252594%2525E0%2525B8%2525B5%2525E0%2525B9%252582%2525E0%2525B8%2525AD%252B%25257C%252B1-Inch%252BCMOS%252B4K%25252F120fps%253Bnid%253A4924138841%253Bsrc%253ALazadaMainSrp%253Brn%253A0c9edb01ab691f6dc7ffcbea1dbe83ef%253Bregion%253Ath%253Bsku%253A4924138841_TH%253Bprice%253A17900%253Bclient%253Adesktop%253Bsupplier_id%253A1001916420', 'Lazada', 17900.00, 22379.00, 'THB', '2025-11-28 07:48:23'),
(38, 13, 'https://shopee.co.th/-%E0%B8%82%E0%B8%AD%E0%B8%87%E0%B9%81%E0%B8%97%E0%B9%89-%E0%B8%A3%E0%B8%B1%E0%B8%9A%E0%B8%9B%E0%B8%A3%E0%B8%B0%E0%B8%81%E0%B8%B1%E0%B8%99%E0%B8%A8%E0%B8%B9%E0%B8%99%E0%B8%A2%E0%B9%8C%E0%B9%84%E0%B8%97%E0%B8%A2-MOFii-%E0%B9%82%E0%B8%84%E0%B8%A1%E0%B9%84%E0%B8%9F%E0%B8%99%E0%B9%88%E0%B8%B2%E0%B8%A3%E0%B8%B1%E0%B8%81-LUCKY-CAT-%E0%B8%99%E0%B9%89%E0%B8%AD%E0%B8%87%E0%B9%81%E0%B8%A1%E0%B8%A7%E0%B8%99%E0%B8%B3%E0%B9%82%E0%B8%8A%E0%B8%84-%E0%B9%80%E0%B8%AE%E0%B8%87%E0%B9%86-%E0%B8%9B%E0%B8%A3%E0%B8%B1%E0%B8%9A%E0%B8%A3%E0%B8%B0%E0%B8%94%E0%B8%B1%E0%B8%9A%E0%B9%81%E0%B8%AA%E0%B8%87%E0%B9%84%E0%B8%9F%E0%B8%95%E0%B8%B1%E0%B9%89%E0%B8%87%E0%B9%80%E0%B8%A7%E0%B8%A5%E0%B8%B2%E0%B9%84%E0%B8%94%E0%B9%89-i.45591359.27050451454?extraParams=%7B%22display_model_id%22%3A232811465128%2C%22model_selection_logic%22%3A3%7D&sp_atk=4bf0fea4-db92-4a35-a3a9-a88df6550690&xptdk=4bf0fea4-db92-4a35-a3a9-a88df6550690', 'Shopee', 260.00, 590.00, 'THB', '2025-11-28 08:04:29'),
(39, 13, 'https://www.lazada.co.th/products/pdp-i5206015329-s22121314708.html?c=&channelLpJumpArgs=&clickTrackInfo=query%253AMOFii%252B%2525E0%2525B9%252582%2525E0%2525B8%252584%2525E0%2525B8%2525A1%2525E0%2525B9%252584%2525E0%2525B8%25259F%2525E0%2525B8%252599%2525E0%2525B9%252588%2525E0%2525B8%2525B2%2525E0%2525B8%2525A3%2525E0%2525B8%2525B1%2525E0%2525B8%252581%252BLUCKY%252BCAT%253Bnid%253A5206015329%253Bsrc%253ALazadaMainSrp%253Brn%253A9058a72cea55e5b682f4b87aa9767050%253Bregion%253Ath%253Bsku%253A5206015329_TH%253Bprice%253A253.39%253Bclient%253Adesktop%253Bsupplier_id%253A1000383751%253Bbiz_source%253Ah5_internal%253Bslot%253A0%253Butlog_bucket_id%253A470687%253Basc_category_id%253A12298%253Bitem_id%253A5206015329%253Bsku_id%253A22121314708%253Bshop_id%253A610100%253BtemplateInfo%253A107882_D_E%2523-1_A3_C%25231122_L%2523164363_J%2523&freeshipping=1&fs_ab=2&fuse_fs=&lang=en&location=Bangkok&price=253.39&priceCompare=skuId%3A22121314708%3Bsource%3Alazada-search-voucher%3Bsn%3A9058a72cea55e', 'Lazada', 253.39, 590.00, 'THB', '2025-11-28 08:04:29'),
(40, 14, 'https://www.lazada.co.th/products/xuti-35-08-16-110-i5845823186-s25158501075.html?', 'Lazada', 11090.00, 24990.00, 'THB', '2025-11-28 08:10:55'),
(41, 14, 'https://shopee.co.th/%E0%B8%AA%E0%B9%88%E0%B8%A7%E0%B8%99%E0%B8%A5%E0%B8%94-50-XUTI-%E0%B8%A5%E0%B8%B9%E0%B9%88%E0%B8%A7%E0%B8%B4%E0%B9%88%E0%B8%87%E0%B9%84%E0%B8%9F%E0%B8%9F%E0%B9%89%E0%B8%B2%E0%B8%9E%E0%B8%B1%E0%B8%9A%E0%B9%84%E0%B8%94%E0%B9%89-3.5-%E0%B9%81%E0%B8%A3%E0%B8%87%E0%B8%A1%E0%B9%89%E0%B8%B2-%E0%B8%84%E0%B8%A7%E0%B8%B2%E0%B8%A1%E0%B9%80%E0%B8%A3%E0%B9%87%E0%B8%A7-0.8-16-%E0%B8%81%E0%B8%A1.-%E0%B8%8A%E0%B8%A1.-%E0%B8%A3%E0%B8%B1%E0%B8%9A%E0%B8%99%E0%B9%89%E0%B8%B3%E0%B8%AB%E0%B8%99%E0%B8%B1%E0%B8%81%E0%B9%84%E0%B8%94%E0%B9%89-110-%E0%B8%81%E0%B8%81.-%E0%B8%9E%E0%B8%A3%E0%B9%89%E0%B8%AD%E0%B8%A1%E0%B9%80%E0%B8%84%E0%B8%A3%E0%B8%B7%E0%B9%88%E0%B8%AD%E0%B8%87%E0%B8%A7%E0%B8%B1%E0%B8%94%E0%B8%AD%E0%B8%B1%E0%B8%95%E0%B8%A3%E0%B8%B2%E0%B8%81%E0%B8%B2%E0%B8%A3%E0%B9%80%E0%B8%95%E0%B9%89-i.1256130615.43214268591?extraParams=%7B%22display_model_id%22%3A315112024919%2C%22model_selection_logic%22%3A3%7D&sp_atk=333a326b-0e67-4f44-95e2-383bd441cf6f&xptdk=333a326b-0e67-4f44-95e2-383bd441', 'Shopee', 6890.00, 24990.00, 'THB', '2025-11-28 08:10:55'),
(42, 15, 'https://shopee.co.th/KEEP-GOING-MAX-%E0%B8%94%E0%B8%B1%E0%B8%A1%E0%B9%80%E0%B8%9A%E0%B8%A5%E0%B8%A5%E0%B9%8C-4kg-5kg-6kg-10-%E0%B8%81%E0%B8%81.-%E0%B8%AB%E0%B8%B1%E0%B8%A7%E0%B8%94%E0%B8%B1%E0%B8%A1%E0%B9%80%E0%B8%9A%E0%B8%A5%E0%B8%A5%E0%B9%8C%E0%B9%80%E0%B8%AE%E0%B8%81%E0%B8%AD%E0%B8%99%E0%B8%AD%E0%B8%A5%E0%B9%81%E0%B8%A5%E0%B8%B0%E0%B8%94%E0%B8%B1%E0%B8%A1%E0%B9%80%E0%B8%9A%E0%B8%A5%E0%B8%A5%E0%B9%8C%E0%B9%83%E0%B8%99%E0%B8%81%E0%B8%B2%E0%B8%A3%E0%B8%9B%E0%B8%A3%E0%B8%B1%E0%B8%9A%E0%B8%99%E0%B9%89%E0%B8%B3%E0%B8%AB%E0%B8%99%E0%B8%B1%E0%B8%81%E0%B8%82%E0%B8%AD%E0%B8%87%E0%B8%AD%E0%B8%B8%E0%B8%9B%E0%B8%81%E0%B8%A3%E0%B8%93%E0%B9%8C%E0%B9%80%E0%B8%84%E0%B8%A5%E0%B8%B7%E0%B9%88%E0%B8%AD%E0%B8%99%E0%B9%84%E0%B8%AB%E0%B8%A7%E0%B8%9A%E0%B8%99%E0%B8%94%E0%B8%B1%E0%B8%A1%E0%B9%80%E0%B8%9A%E0%B8%A5%E0%B8%AA%E0%B9%8C-i.1412264763.25089888606?extraParams=%7B%22display_model_id%22%3A138169182011%2C%22model_selection_logic%22%3A3%7D&sp_atk=6d761d45-0a42-4228-b84c-afb5d65cff8f&xptdk=6d761d45-0a42-4', 'Shopee', 98.00, 438.00, 'THB', '2025-11-28 08:16:08'),
(43, 15, 'https://www.lazada.co.th/products/pdp-i5960228833-s25593500912.html?c=&channelLpJumpArgs=&clickTrackInfo=query%253AKEEP%252BGOING%252BMAX%252B%2525E0%2525B8%252594%2525E0%2525B8%2525B1%2525E0%2525B8%2525A1%2525E0%2525B9%252580%2525E0%2525B8%25259A%2525E0%2525B8%2525A5%2525E0%2525B8%2525A5%2525E0%2525B9%25258C%253Bnid%253A5960228833%253Bsrc%253ALazadaMainSrp%253Brn%253A196d94f3f5253e8dbd8b0947c27995a3%253Bregion%253Ath%253Bsku%253A5960228833_TH%253Bprice%253A99%253Bclient%253Adesktop%253Bsupplier_id%253A101370640005%253Bbiz_source%253Ah5_internal%253Bslot%253A8%253Butlog_bucket_id%253A470687%253Basc_category_id%253A2957%253Bitem_id%253A5960228833%253Bsku_id%253A25593500912%253Bshop_id%253A5347757%253BtemplateInfo%253A107882_D_E%2523-1_A3_C%25231122_L%2523164363_J%2523&freeshipping=1&fs_ab=2&fuse_fs=&lang=en&location=China&price=99&priceCompare=skuId%3A25593500912%3Bsource%3Alazada-search-voucher%3Bsn%3A196d94f3f5253e8dbd8b0947c27995a3%3BoriginPrice%3A9900%3BdisplayPrice%3A9900%3BsingleP', 'Lazada', 99.00, 238.00, 'THB', '2025-11-28 08:16:08'),
(44, 16, 'https://www.lazada.co.th/products/pdp-i5898680475-s25216172448.html?c=&channelLpJumpArgs=&clickTrackInfo=query%253AGENIO%252BLAMODE%252B%25255B%2525E0%2525B9%252582%2525E0%2525B8%252584%2525E0%2525B9%252589%2525E0%2525B8%252597%2525E0%2525B8%252581%2525E0%2525B8%2525B1%2525E0%2525B8%252599%2525E0%2525B9%252581%2525E0%2525B8%252594%2525E0%2525B8%252594%2525E0%2525B8%2525AA%2525E0%2525B8%2525B8%2525E0%2525B8%252594%2525E0%2525B8%2525AE%2525E0%2525B8%2525B4%2525E0%2525B8%252595%25255D%253Bnid%253A5898680475%253Bsrc%253ALazadaMainSrp%253Brn%253A4059227837f2b4af110091150fa26408%253Bregion%253Ath%253Bsku%253A5898680475_TH%253Bprice%253A1068.13%253Bclient%253Adesktop%253Bsupplier_id%253A101296000815%253Bbiz_source%253Ah5_internal%253Bslot%253A0%253Butlog_bucket_id%253A470687%253Basc_category_id%253A2267%253Bitem_id%253A5898680475%253Bsku_id%253A25216172448%253Bshop_id%253A5297607%253BtemplateInfo%253A107882_D_E%2523-1_A3_C%25231122_L%2523164363_J%2523&freeshipping=1&fs_ab=2&fuse_fs=&lang=en&l', 'Lazada', 1068.13, 1708.00, 'THB', '2025-11-28 08:30:17'),
(45, 17, 'https://shopee.co.th/MENSPE-Unisex-%E0%B8%A4%E0%B8%94%E0%B8%B9%E0%B8%A3%E0%B9%89%E0%B8%AD%E0%B8%99-UPF-50-%E0%B8%9B%E0%B9%89%E0%B8%AD%E0%B8%87%E0%B8%81%E0%B8%B1%E0%B8%99%E0%B9%81%E0%B8%AA%E0%B8%87%E0%B9%81%E0%B8%94%E0%B8%94%E0%B8%AB%E0%B8%A1%E0%B8%A7%E0%B8%81%E0%B9%80%E0%B8%94%E0%B8%B4%E0%B8%99%E0%B8%9B%E0%B9%88%E0%B8%B2-Quick-drying-%E0%B8%AA%E0%B8%9A%E0%B8%B2%E0%B8%A2-Breathable-%E0%B8%AB%E0%B8%A1%E0%B8%A7%E0%B8%81-Mountain-Climbing-%E0%B8%81%E0%B8%A5%E0%B8%B2%E0%B8%87%E0%B9%81%E0%B8%88%E0%B9%89%E0%B8%87-Fishermen-%E0%B8%AB%E0%B8%A1%E0%B8%A7%E0%B8%81-i.881968656.28884995577?extraParams=%7B%22display_model_id%22%3A253301604613%2C%22model_selection_logic%22%3A3%7D&sp_atk=b5e86091-62be-4011-a9d1-99ce90594541&xptdk=b5e86091-62be-4011-a9d1-99ce90594541', 'Shopee', 199.00, 549.00, 'THB', '2025-11-28 08:33:58'),
(46, 17, 'https://www.lazada.co.th/products/pdp-i5759611515-s24538598283.html?c=&channelLpJumpArgs=&clickTrackInfo=query%253ASPORT%252BMountaineering%252BOutdoor%252B%2525E0%2525B8%2525AB%2525E0%2525B8%2525A1%2525E0%2525B8%2525A7%2525E0%2525B8%252581%2525E0%2525B8%25258A%2525E0%2525B8%2525B2%2525E0%2525B8%2525A2%2525E0%2525B8%252584%2525E0%2525B8%2525B2%2525E0%2525B9%252583%2525E0%2525B8%2525AB%2525E0%2525B8%25258D%2525E0%2525B9%252588%253Bnid%253A5759611515%253Bsrc%253ALazadaMainSrp%253Brn%253A3a9c6b31a71817d47499593144495680%253Bregion%253Ath%253Bsku%253A5759611515_TH%253Bprice%253A153%253Bclient%253Adesktop%253Bsupplier_id%253A100233174399%253Bbiz_source%253Ah5_internal%253Bslot%253A5%253Butlog_bucket_id%253A470687%253Basc_category_id%253A12410%253Bitem_id%253A5759611515%253Bsku_id%253A24538598283%253Bshop_id%253A3517698%253BtemplateInfo%253A107882_D_E%2523-1_A3_C%25231124_L%2523164363_J%2523&freeshipping=1&fs_ab=2&fuse_fs=&lang=en&location=Samut%20Prakan&price=153&priceCompare=skuId%3A245385', 'Lazada', 153.00, 795.00, 'THB', '2025-11-28 08:33:58'),
(47, 18, 'https://shopee.co.th/%E0%B8%A3%E0%B9%88%E0%B8%A1%E0%B8%9E%E0%B8%B1%E0%B8%9A%E0%B8%AD%E0%B8%B1%E0%B8%95%E0%B9%82%E0%B8%99%E0%B8%A1%E0%B8%B1%E0%B8%95%E0%B8%B4-%E0%B8%AD%E0%B8%B1%E0%B8%95%E0%B9%82%E0%B8%99%E0%B8%A1%E0%B8%B1%E0%B8%95%E0%B8%B4-UV-%E0%B8%AA%E0%B8%B3%E0%B8%AB%E0%B8%A3%E0%B8%B1%E0%B8%9A%E0%B8%A7%E0%B8%B1%E0%B8%99%E0%B8%97%E0%B8%B5%E0%B9%88%E0%B9%81%E0%B8%94%E0%B8%94%E0%B8%88%E0%B8%B1%E0%B8%94%E0%B9%81%E0%B8%A5%E0%B8%B0%E0%B8%9D%E0%B8%99%E0%B8%95%E0%B8%81%E0%B8%84%E0%B8%B8%E0%B8%93%E0%B8%A0%E0%B8%B2%E0%B8%9E%E0%B8%A3%E0%B9%88%E0%B8%A1-UV-%E0%B9%80%E0%B8%AA%E0%B8%A3%E0%B8%B4%E0%B8%A1%E0%B9%82%E0%B8%84%E0%B8%A3%E0%B8%87-(8-%E0%B8%81%E0%B8%A3%E0%B8%B0%E0%B8%94%E0%B8%B9%E0%B8%81)-i.1128049590.25256264160?extraParams=%7B%22display_model_id%22%3A88917749499%2C%22model_selection_logic%22%3A3%7D&sp_atk=598d8895-4cfe-43a8-b267-ffc7beac1a73&xptdk=598d8895-4cfe-43a8-b267-ffc7beac1a73', 'Shopee', 82.00, 129.00, 'THB', '2025-11-28 08:40:19'),
(48, 18, 'https://shopee.co.th/%E0%B8%A3%E0%B9%88%E0%B8%A1%E0%B8%9E%E0%B8%B1%E0%B8%9A%E0%B8%AD%E0%B8%B1%E0%B8%95%E0%B9%82%E0%B8%99%E0%B8%A1%E0%B8%B1%E0%B8%95%E0%B8%B4-%E0%B8%AD%E0%B8%B1%E0%B8%95%E0%B9%82%E0%B8%99%E0%B8%A1%E0%B8%B1%E0%B8%95%E0%B8%B4-UV-%E0%B8%AA%E0%B8%B3%E0%B8%AB%E0%B8%A3%E0%B8%B1%E0%B8%9A%E0%B8%A7%E0%B8%B1%E0%B8%99%E0%B8%97%E0%B8%B5%E0%B9%88%E0%B9%81%E0%B8%94%E0%B8%94%E0%B8%88%E0%B8%B1%E0%B8%94%E0%B9%81%E0%B8%A5%E0%B8%B0%E0%B8%9D%E0%B8%99%E0%B8%95%E0%B8%81%E0%B8%84%E0%B8%B8%E0%B8%93%E0%B8%A0%E0%B8%B2%E0%B8%9E%E0%B8%A3%E0%B9%88%E0%B8%A1-UV-%E0%B9%80%E0%B8%AA%E0%B8%A3%E0%B8%B4%E0%B8%A1%E0%B9%82%E0%B8%84%E0%B8%A3%E0%B8%87-(8-%E0%B8%81%E0%B8%A3%E0%B8%B0%E0%B8%94%E0%B8%B9%E0%B8%81)-i.1128049590.25256264160?extraParams=%7B%22display_model_id%22%3A88917749499%2C%22model_selection_logic%22%3A3%7D&sp_atk=598d8895-4cfe-43a8-b267-ffc7beac1a73&xptdk=598d8895-4cfe-43a8-b267-ffc7beac1a73', 'Shopee', 85.00, 139.00, 'THB', '2025-11-28 08:40:19'),
(49, 19, 'https://shopee.co.th/%E0%B8%A5%E0%B8%B2-%E0%B9%82%E0%B8%A3%E0%B8%8A-%E0%B9%82%E0%B8%9E%E0%B9%80%E0%B8%8B%E0%B8%A2%E0%B9%8C-La-Roche-Posay-Anthelios-UVMUNE400-Oil-Control-Fluid-SPF50-%E0%B9%81%E0%B8%A5%E0%B8%B0-PA-50ml.%E0%B8%81%E0%B8%B1%E0%B8%99%E0%B9%81%E0%B8%94%E0%B8%94%E0%B9%80%E0%B8%99%E0%B8%B7%E0%B9%89%E0%B8%AD%E0%B8%9F%E0%B8%A5%E0%B8%B9%E0%B8%AD%E0%B8%B4%E0%B8%94%E0%B8%AA%E0%B8%B3%E0%B8%AB%E0%B8%A3%E0%B8%B1%E0%B8%9A%E0%B8%9C%E0%B8%B4%E0%B8%A7%E0%B8%A1%E0%B8%B1%E0%B8%99-i.56542501.19688640976?extraParams=%7B%22display_model_id%22%3A175886124671%2C%22model_selection_logic%22%3A3%7D&sp_atk=7a762076-f042-4cf4-9e2a-8eb0d681e8b0&xptdk=7a762076-f042-4cf4-9e2a-8eb0d681e8b0', 'Shopee', 899.00, 1450.00, 'THB', '2025-11-28 08:44:00'),
(50, 19, 'https://www.lazada.co.th/products/pdp-i4627554928-s18992454399.html?c=&channelLpJumpArgs=&clickTrackInfo=query%253A%2525E0%2525B8%2525A5%2525E0%2525B8%2525B2%252B%2525E0%2525B9%252582%2525E0%2525B8%2525A3%2525E0%2525B8%25258A-%2525E0%2525B9%252582%2525E0%2525B8%25259E%2525E0%2525B9%252580%2525E0%2525B8%25258B%2525E0%2525B8%2525A2%2525E0%2525B9%25258C%252BLa%252BRoche-Posay%252BAnthelios%252BUVMUNE400%252BOil%252BControl%252BFluid%252BSPF50%253Bnid%253A4627554928%253Bsrc%253ALazadaMainSrp%253Brn%253Ac8a1b08aa1ecad784f316c3dc46efe55%253Bregion%253Ath%253Bsku%253A4627554928_TH%253Bprice%253A1230%253Bclient%253Adesktop%253Bsupplier_id%253A3803%253Bbiz_source%253Ah5_internal%253Bslot%253A0%253Butlog_bucket_id%253A470687%253Basc_category_id%253A5885%253Bitem_id%253A4627554928%253Bsku_id%253A18992454399%253Bshop_id%253A4283%253BtemplateInfo%253A-1_A3_C%25231124_L%2523155383_D_E_G%2523164363_J%2523&freeshipping=1&fs_ab=2&fuse_fs=&lang=en&location=Chachoengsao&price=1.23E%203&priceCompare=skuId', 'Lazada', 1230.00, 1450.00, 'THB', '2025-11-28 08:44:00'),
(51, 20, 'https://shopee.co.th/-%E0%B9%81%E0%B8%9E%E0%B9%87%E0%B8%84%E0%B8%84%E0%B8%B9%E0%B9%88-MizuMi-UV-Bright-Body-Serum-(180-ml)-%E0%B9%80%E0%B8%8B%E0%B8%A3%E0%B8%B1%E0%B9%88%E0%B8%A1%E0%B8%81%E0%B8%B1%E0%B8%99%E0%B9%81%E0%B8%94%E0%B8%94%E0%B8%97%E0%B8%B2%E0%B8%9C%E0%B8%B4%E0%B8%A7%E0%B8%81%E0%B8%B2%E0%B8%A2-%E0%B9%80%E0%B8%9A%E0%B8%B2%E0%B8%AA%E0%B8%9A%E0%B8%B2%E0%B8%A2%E0%B8%9C%E0%B8%B4%E0%B8%A7-%E0%B8%AB%E0%B8%AD%E0%B8%A1%E0%B8%A5%E0%B8%B0%E0%B8%A1%E0%B8%B8%E0%B8%99-i.70802054.17665872094?extraParams=%7B%22display_model_id%22%3A28902602108%2C%22model_selection_logic%22%3A3%7D&sp_atk=2edccffe-fdc4-4668-932c-d542bd14a642&xptdk=2edccffe-fdc4-4668-932c-d542bd14a642', 'Shopee', 389.00, 780.00, 'THB', '2025-11-28 08:46:56'),
(52, 20, 'https://www.lazada.co.th/products/pdp-i3827008221-s14596833883.html?c=&channelLpJumpArgs=&clickTrackInfo=query%253AMizumi%252BUV%252BBody%252BSerum%253Bnid%253A3827008221%253Bsrc%253ALazadaMainSrp%253Brn%253A076d1691cb1e4e5af379104e60ec9a33%253Bregion%253Ath%253Bsku%253A3827008221_TH%253Bprice%253A389%253Bclient%253Adesktop%253Bsupplier_id%253A100152243%253Bbiz_source%253Ah5_internal%253Bslot%253A3%253Butlog_bucket_id%253A470687%253Basc_category_id%253A4134%253Bitem_id%253A3827008221%253Bsku_id%253A14596833883%253Bshop_id%253A178429%253BtemplateInfo%253A107882_D_E%2523-1_A3_C%25231122_L%2523164363_J%2523&freeshipping=1&fs_ab=2&fuse_fs=&lang=en&location=Samut%20Prakan&price=389&priceCompare=skuId%3A14596833883%3Bsource%3Alazada-search-voucher%3Bsn%3A076d1691cb1e4e5af379104e60ec9a33%3BoriginPrice%3A38900%3BdisplayPrice%3A38900%3BsinglePromotionId%3A900000075312005%3BsingleToolCode%3ApromPrice%3BvoucherPricePlugin%3A0%3Btimestamp%3A1764319470488&ratingscore=4.9888848396501455&request_id=0', 'Lazada', 389.00, 780.00, 'THB', '2025-11-28 08:46:56'),
(53, 21, 'https://shopee.co.th/-%E0%B8%9E%E0%B8%B4%E0%B9%80%E0%B8%A8%E0%B8%A9-25-30-%E0%B8%9E%E0%B8%A2-68-ANESSA-%E0%B8%AD%E0%B9%80%E0%B8%99%E0%B8%AA%E0%B8%8B%E0%B9%88%E0%B8%B2-%E0%B9%80%E0%B8%9E%E0%B8%AD%E0%B8%A3%E0%B9%8C%E0%B9%80%E0%B8%9F%E0%B8%84-%E0%B8%A2%E0%B8%B9%E0%B8%A7%E0%B8%B5-%E0%B8%8B%E0%B8%B1%E0%B8%99%E0%B8%AA%E0%B8%81%E0%B8%A3%E0%B8%B5%E0%B8%99-%E0%B8%AA%E0%B8%81%E0%B8%B4%E0%B8%99%E0%B9%81%E0%B8%84%E0%B8%A3%E0%B9%8C-%E0%B8%A1%E0%B8%B4%E0%B8%A5%E0%B8%84%E0%B9%8C-NA-SPF50-PA-60-%E0%B8%A1%E0%B8%A5.-i.446760693.25563425563?extraParams=%7B%22display_model_id%22%3A184914964383%2C%22model_selection_logic%22%3A3%7D&sp_atk=605ffeb2-67d3-41af-be21-89e8a9172fd7&xptdk=605ffeb2-67d3-41af-be21-89e8a9172fd7', 'Shopee', 901.00, 1050.00, 'THB', '2025-11-28 08:50:30'),
(54, 21, 'https://www.lazada.co.th/products/pdp-i5068939551-s21408792201.html?c=&channelLpJumpArgs=&clickTrackInfo=query%253AANESSA%252B%2525E0%2525B8%2525AD%2525E0%2525B9%252580%2525E0%2525B8%252599%2525E0%2525B8%2525AA%2525E0%2525B8%25258B%2525E0%2525B9%252588%2525E0%2525B8%2525B2%252B%2525E0%2525B9%252580%2525E0%2525B8%25259E%2525E0%2525B8%2525AD%2525E0%2525B8%2525A3%2525E0%2525B9%25258C%2525E0%2525B9%252580%2525E0%2525B8%25259F%2525E0%2525B8%252584%252B%2525E0%2525B8%2525A2%2525E0%2525B8%2525B9%2525E0%2525B8%2525A7%2525E0%2525B8%2525B5%252B%2525E0%2525B8%25258B%2525E0%2525B8%2525B1%2525E0%2525B8%252599%2525E0%2525B8%2525AA%2525E0%2525B8%252581%2525E0%2525B8%2525A3%2525E0%2525B8%2525B5%2525E0%2525B8%252599%252B%2525E0%2525B8%2525AA%2525E0%2525B8%252581%2525E0%2525B8%2525B4%2525E0%2525B8%252599%2525E0%2525B9%252581%2525E0%2525B8%252584%2525E0%2525B8%2525A3%2525E0%2525B9%25258C%252B%2525E0%2525B9%252580%2525E0%2525B8%252588%2525E0%2525B8%2525A5%252BNA%252BSPF50%25252B%252BPA%25252B%25252B%25252', 'Lazada', 845.06, 1050.00, 'THB', '2025-11-28 08:50:30'),
(55, 22, 'https://shopee.co.th/Thermos%C2%AE-FJQ-2000-%E0%B8%81%E0%B8%A3%E0%B8%B0%E0%B8%95%E0%B8%B4%E0%B8%81%E0%B8%AA%E0%B8%B9%E0%B8%8D%E0%B8%8D%E0%B8%B2%E0%B8%81%E0%B8%B2%E0%B8%A8%E0%B8%AB%E0%B8%B9%E0%B8%AB%E0%B8%B4%E0%B9%89%E0%B8%A7-(2000ml)-%E0%B9%80%E0%B8%81%E0%B9%87%E0%B8%9A%E0%B8%84%E0%B8%A7%E0%B8%B2%E0%B8%A1%E0%B8%A3%E0%B9%89%E0%B8%AD%E0%B8%99-%E0%B9%80%E0%B8%81%E0%B9%87%E0%B8%9A%E0%B8%84%E0%B8%A7%E0%B8%B2%E0%B8%A1%E0%B9%80%E0%B8%A2%E0%B9%87%E0%B8%99-i.418519426.41552675722?extraParams=%7B%22display_model_id%22%3A224263732257%2C%22model_selection_logic%22%3A3%7D&sp_atk=4755a7f1-15a9-4ec9-a523-e470febd6388&xptdk=4755a7f1-15a9-4ec9-a523-e470febd6388', 'Shopee', 3361.00, 3995.00, 'THB', '2025-11-28 08:53:56'),
(56, 22, 'https://www.lazada.co.th/products/pdp-i5753812272-s24517024785.html?c=&channelLpJumpArgs=&clickTrackInfo=query%253AThermos%2525C2%2525AE%252BFJQ-2000%252B%2525E0%2525B8%252581%2525E0%2525B8%2525A3%2525E0%2525B8%2525B0%2525E0%2525B8%252595%2525E0%2525B8%2525B4%2525E0%2525B8%252581%2525E0%2525B8%2525AA%2525E0%2525B8%2525B9%2525E0%2525B8%25258D%2525E0%2525B8%25258D%2525E0%2525B8%2525B2%2525E0%2525B8%252581%2525E0%2525B8%2525B2%2525E0%2525B8%2525A8%2525E0%2525B8%2525AB%2525E0%2525B8%2525B9%2525E0%2525B8%2525AB%2525E0%2525B8%2525B4%2525E0%2525B9%252589%2525E0%2525B8%2525A7%253Bnid%253A5753812272%253Bsrc%253ALazadaMainSrp%253Brn%253A5ff509c1d5906a0da4374eb034e6400f%253Bregion%253Ath%253Bsku%253A5753812272_TH%253Bprice%253A3361%253Bclient%253Adesktop%253Bsupplier_id%253A100191573283%253Bbiz_source%253Ah5_internal%253Bslot%253A0%253Butlog_bucket_id%253A470687%253Basc_category_id%253A42054601%253Bitem_id%253A5753812272%253Bsku_id%253A24517024785%253Bshop_id%253A2226179%253BtemplateInfo%253A1078', 'Lazada', 3361.00, 3995.00, 'THB', '2025-11-28 08:53:56'),
(57, 23, 'https://shopee.co.th/Seagull-%E0%B8%81%E0%B8%A3%E0%B8%B0%E0%B8%95%E0%B8%B4%E0%B8%81%E0%B8%99%E0%B9%89%E0%B8%B3%E0%B8%AA%E0%B8%B9%E0%B8%8D%E0%B8%8D%E0%B8%B2%E0%B8%81%E0%B8%B2%E0%B8%A8-%E0%B9%80%E0%B8%AD%E0%B8%AD%E0%B9%80%E0%B8%9A%E0%B8%B4%E0%B9%89%E0%B8%99-0.75-%E0%B8%A5%E0%B8%B4%E0%B8%95%E0%B8%A3-i.53085910.6217850309?extraParams=%7B%22display_model_id%22%3A40422751475%2C%22model_selection_logic%22%3A3%7D&sp_atk=619ccc44-4783-4924-a2d1-a6e3056641cb&xptdk=619ccc44-4783-4924-a2d1-a6e3056641cb', 'Shopee', 539.00, 720.00, 'THB', '2025-11-28 08:58:45'),
(58, 23, 'https://www.lazada.co.th/products/pdp-i752140573-s1437394328.html?c=&channelLpJumpArgs=&clickTrackInfo=query%253ASeagull%252B%2525E0%2525B8%252581%2525E0%2525B8%2525A3%2525E0%2525B8%2525B0%2525E0%2525B8%252595%2525E0%2525B8%2525B4%2525E0%2525B8%252581%2525E0%2525B8%252599%2525E0%2525B9%252589%2525E0%2525B8%2525B3%2525E0%2525B8%2525AA%2525E0%2525B8%2525B9%2525E0%2525B8%25258D%2525E0%2525B8%25258D%2525E0%2525B8%2525B2%2525E0%2525B8%252581%2525E0%2525B8%2525B2%2525E0%2525B8%2525A8%252B%2525E0%2525B9%252580%2525E0%2525B8%2525AD%2525E0%2525B8%2525AD%2525E0%2525B9%252580%2525E0%2525B8%25259A%2525E0%2525B8%2525B4%2525E0%2525B9%252589%2525E0%2525B8%252599%252B0.75%252B%2525E0%2525B8%2525A5%2525E0%2525B8%2525B4%2525E0%2525B8%252595%2525E0%2525B8%2525A3%253Bnid%253A752140573%253Bsrc%253ALazadaMainSrp%253Brn%253Ab001239b96a8827378039b023d4dbe21%253Bregion%253Ath%253Bsku%253A752140573_TH%253Bprice%253A507.73%253Bclient%253Adesktop%253Bsupplier_id%253A100188027%253Bbiz_source%253Ah5_internal%253Bsl', 'Lazada', 507.73, 720.00, 'THB', '2025-11-28 08:58:45');

-- --------------------------------------------------------

--
-- Table structure for table `product_interests`
--

CREATE TABLE `product_interests` (
  `product_id` int(11) NOT NULL,
  `interest_id` int(11) NOT NULL
) ENGINE=InnoDB DEFAULT CHARSET=utf8mb4 COLLATE=utf8mb4_unicode_ci;

-- --------------------------------------------------------

--
-- Table structure for table `product_target_audiences`
--

CREATE TABLE `product_target_audiences` (
  `id` int(11) NOT NULL,
  `product_id` int(11) NOT NULL,
  `relationship_id` int(11) DEFAULT NULL,
  `gender_id` int(11) DEFAULT NULL,
  `age_range_id` int(11) DEFAULT NULL,
  `created_at` timestamp NOT NULL DEFAULT current_timestamp()
) ENGINE=InnoDB DEFAULT CHARSET=utf8mb4 COLLATE=utf8mb4_unicode_ci;

--
-- Dumping data for table `product_target_audiences`
--

INSERT INTO `product_target_audiences` (`id`, `product_id`, `relationship_id`, `gender_id`, `age_range_id`, `created_at`) VALUES
(1, 11, 3, 1, 1, '2025-11-28 07:37:54'),
(2, 11, 2, 1, 1, '2025-11-28 07:37:54'),
(3, 11, 5, 1, 1, '2025-11-28 07:37:54'),
(4, 11, 4, 1, 1, '2025-11-28 07:37:54'),
(5, 11, 1, 1, 1, '2025-11-28 07:37:54'),
(6, 12, 3, 1, 5, '2025-11-28 07:48:23'),
(7, 12, 3, 1, 6, '2025-11-28 07:48:24'),
(8, 12, 3, 1, 7, '2025-11-28 07:48:24'),
(9, 12, 2, 1, 5, '2025-11-28 07:48:24'),
(10, 12, 2, 1, 6, '2025-11-28 07:48:24'),
(11, 12, 2, 1, 7, '2025-11-28 07:48:24'),
(12, 12, 5, 1, 5, '2025-11-28 07:48:24'),
(13, 12, 5, 1, 6, '2025-11-28 07:48:24'),
(14, 12, 5, 1, 7, '2025-11-28 07:48:24'),
(15, 12, 4, 1, 5, '2025-11-28 07:48:24'),
(16, 12, 4, 1, 6, '2025-11-28 07:48:24'),
(17, 12, 4, 1, 7, '2025-11-28 07:48:24'),
(18, 12, 1, 1, 5, '2025-11-28 07:48:24'),
(19, 12, 1, 1, 6, '2025-11-28 07:48:24'),
(20, 12, 1, 1, 7, '2025-11-28 07:48:24'),
(21, 13, 3, 1, 5, '2025-11-28 08:04:29'),
(22, 13, 3, 1, 6, '2025-11-28 08:04:29'),
(23, 13, 3, 1, 7, '2025-11-28 08:04:29'),
(24, 13, 3, 1, 8, '2025-11-28 08:04:29'),
(25, 13, 3, 1, 9, '2025-11-28 08:04:29'),
(26, 13, 3, 1, 4, '2025-11-28 08:04:29'),
(27, 13, 2, 1, 5, '2025-11-28 08:04:29'),
(28, 13, 2, 1, 6, '2025-11-28 08:04:29'),
(29, 13, 2, 1, 7, '2025-11-28 08:04:29'),
(30, 13, 2, 1, 8, '2025-11-28 08:04:29'),
(31, 13, 2, 1, 9, '2025-11-28 08:04:29'),
(32, 13, 2, 1, 4, '2025-11-28 08:04:29'),
(33, 13, 5, 1, 5, '2025-11-28 08:04:29'),
(34, 13, 5, 1, 6, '2025-11-28 08:04:29'),
(35, 13, 5, 1, 7, '2025-11-28 08:04:29'),
(36, 13, 5, 1, 8, '2025-11-28 08:04:29'),
(37, 13, 5, 1, 9, '2025-11-28 08:04:29'),
(38, 13, 5, 1, 4, '2025-11-28 08:04:29'),
(39, 13, 4, 1, 5, '2025-11-28 08:04:29'),
(40, 13, 4, 1, 6, '2025-11-28 08:04:29'),
(41, 13, 4, 1, 7, '2025-11-28 08:04:29'),
(42, 13, 4, 1, 8, '2025-11-28 08:04:29'),
(43, 13, 4, 1, 9, '2025-11-28 08:04:29'),
(44, 13, 4, 1, 4, '2025-11-28 08:04:29'),
(45, 13, 1, 1, 5, '2025-11-28 08:04:29'),
(46, 13, 1, 1, 6, '2025-11-28 08:04:29'),
(47, 13, 1, 1, 7, '2025-11-28 08:04:29'),
(48, 13, 1, 1, 8, '2025-11-28 08:04:29'),
(49, 13, 1, 1, 9, '2025-11-28 08:04:29'),
(50, 13, 1, 1, 4, '2025-11-28 08:04:29'),
(51, 14, 3, 1, 7, '2025-11-28 08:10:55'),
(52, 14, 3, 1, 8, '2025-11-28 08:10:55'),
(53, 14, 3, 1, 9, '2025-11-28 08:10:55'),
(54, 14, 2, 1, 7, '2025-11-28 08:10:55'),
(55, 14, 2, 1, 8, '2025-11-28 08:10:55'),
(56, 14, 2, 1, 9, '2025-11-28 08:10:55'),
(57, 14, 5, 1, 7, '2025-11-28 08:10:55'),
(58, 14, 5, 1, 8, '2025-11-28 08:10:55'),
(59, 14, 5, 1, 9, '2025-11-28 08:10:55'),
(60, 14, 4, 1, 7, '2025-11-28 08:10:55'),
(61, 14, 4, 1, 8, '2025-11-28 08:10:55'),
(62, 14, 4, 1, 9, '2025-11-28 08:10:55'),
(63, 15, 3, 1, 6, '2025-11-28 08:16:08'),
(64, 15, 3, 1, 7, '2025-11-28 08:16:08'),
(65, 15, 3, 1, 8, '2025-11-28 08:16:08'),
(66, 15, 2, 1, 6, '2025-11-28 08:16:08'),
(67, 15, 2, 1, 7, '2025-11-28 08:16:08'),
(68, 15, 2, 1, 8, '2025-11-28 08:16:08'),
(69, 15, 5, 1, 6, '2025-11-28 08:16:08'),
(70, 15, 5, 1, 7, '2025-11-28 08:16:08'),
(71, 15, 5, 1, 8, '2025-11-28 08:16:08'),
(72, 15, 4, 1, 6, '2025-11-28 08:16:08'),
(73, 15, 4, 1, 7, '2025-11-28 08:16:08'),
(74, 15, 4, 1, 8, '2025-11-28 08:16:08'),
(75, 16, 3, 1, 1, '2025-11-28 08:30:17'),
(76, 16, 2, 1, 1, '2025-11-28 08:30:17'),
(77, 16, 5, 1, 1, '2025-11-28 08:30:17'),
(78, 16, 4, 1, 1, '2025-11-28 08:30:17'),
(79, 16, 6, 1, 1, '2025-11-28 08:30:17'),
(80, 16, 1, 1, 1, '2025-11-28 08:30:17'),
(81, 17, 3, 1, 1, '2025-11-28 08:33:58'),
(82, 17, 2, 1, 1, '2025-11-28 08:33:58'),
(83, 17, 5, 1, 1, '2025-11-28 08:33:58'),
(84, 17, 4, 1, 1, '2025-11-28 08:33:58'),
(85, 17, 1, 1, 1, '2025-11-28 08:33:58'),
(86, 18, 3, 1, 5, '2025-11-28 08:40:19'),
(87, 18, 3, 1, 6, '2025-11-28 08:40:19'),
(88, 18, 3, 1, 7, '2025-11-28 08:40:19'),
(89, 18, 3, 1, 8, '2025-11-28 08:40:19'),
(90, 18, 3, 1, 9, '2025-11-28 08:40:19'),
(91, 18, 3, 1, 4, '2025-11-28 08:40:19'),
(92, 18, 2, 1, 5, '2025-11-28 08:40:19'),
(93, 18, 2, 1, 6, '2025-11-28 08:40:19'),
(94, 18, 2, 1, 7, '2025-11-28 08:40:19'),
(95, 18, 2, 1, 8, '2025-11-28 08:40:19'),
(96, 18, 2, 1, 9, '2025-11-28 08:40:19'),
(97, 18, 2, 1, 4, '2025-11-28 08:40:19'),
(98, 18, 5, 1, 5, '2025-11-28 08:40:19'),
(99, 18, 5, 1, 6, '2025-11-28 08:40:19'),
(100, 18, 5, 1, 7, '2025-11-28 08:40:19'),
(101, 18, 5, 1, 8, '2025-11-28 08:40:19'),
(102, 18, 5, 1, 9, '2025-11-28 08:40:19'),
(103, 18, 5, 1, 4, '2025-11-28 08:40:19'),
(104, 18, 4, 1, 5, '2025-11-28 08:40:19'),
(105, 18, 4, 1, 6, '2025-11-28 08:40:19'),
(106, 18, 4, 1, 7, '2025-11-28 08:40:19'),
(107, 18, 4, 1, 8, '2025-11-28 08:40:19'),
(108, 18, 4, 1, 9, '2025-11-28 08:40:19'),
(109, 18, 4, 1, 4, '2025-11-28 08:40:19'),
(110, 18, 6, 1, 5, '2025-11-28 08:40:19'),
(111, 18, 6, 1, 6, '2025-11-28 08:40:19'),
(112, 18, 6, 1, 7, '2025-11-28 08:40:19'),
(113, 18, 6, 1, 8, '2025-11-28 08:40:19'),
(114, 18, 6, 1, 9, '2025-11-28 08:40:19'),
(115, 18, 6, 1, 4, '2025-11-28 08:40:19'),
(116, 18, 1, 1, 5, '2025-11-28 08:40:19'),
(117, 18, 1, 1, 6, '2025-11-28 08:40:19'),
(118, 18, 1, 1, 7, '2025-11-28 08:40:19'),
(119, 18, 1, 1, 8, '2025-11-28 08:40:19'),
(120, 18, 1, 1, 9, '2025-11-28 08:40:19'),
(121, 18, 1, 1, 4, '2025-11-28 08:40:19'),
(122, 19, 3, 1, 5, '2025-11-28 08:44:00'),
(123, 19, 3, 1, 6, '2025-11-28 08:44:00'),
(124, 19, 3, 1, 7, '2025-11-28 08:44:00'),
(125, 19, 3, 1, 8, '2025-11-28 08:44:00'),
(126, 19, 3, 1, 9, '2025-11-28 08:44:00'),
(127, 19, 2, 1, 5, '2025-11-28 08:44:00'),
(128, 19, 2, 1, 6, '2025-11-28 08:44:00'),
(129, 19, 2, 1, 7, '2025-11-28 08:44:00'),
(130, 19, 2, 1, 8, '2025-11-28 08:44:00'),
(131, 19, 2, 1, 9, '2025-11-28 08:44:00'),
(132, 19, 5, 1, 5, '2025-11-28 08:44:00'),
(133, 19, 5, 1, 6, '2025-11-28 08:44:00'),
(134, 19, 5, 1, 7, '2025-11-28 08:44:00'),
(135, 19, 5, 1, 8, '2025-11-28 08:44:00'),
(136, 19, 5, 1, 9, '2025-11-28 08:44:00'),
(137, 19, 4, 1, 5, '2025-11-28 08:44:00'),
(138, 19, 4, 1, 6, '2025-11-28 08:44:00'),
(139, 19, 4, 1, 7, '2025-11-28 08:44:00'),
(140, 19, 4, 1, 8, '2025-11-28 08:44:00'),
(141, 19, 4, 1, 9, '2025-11-28 08:44:00'),
(142, 20, 3, 1, 5, '2025-11-28 08:46:56'),
(143, 20, 3, 1, 6, '2025-11-28 08:46:56'),
(144, 20, 3, 1, 7, '2025-11-28 08:46:56'),
(145, 20, 3, 1, 8, '2025-11-28 08:46:56'),
(146, 20, 2, 1, 5, '2025-11-28 08:46:56'),
(147, 20, 2, 1, 6, '2025-11-28 08:46:56'),
(148, 20, 2, 1, 7, '2025-11-28 08:46:56'),
(149, 20, 2, 1, 8, '2025-11-28 08:46:56'),
(150, 20, 5, 1, 5, '2025-11-28 08:46:56'),
(151, 20, 5, 1, 6, '2025-11-28 08:46:56'),
(152, 20, 5, 1, 7, '2025-11-28 08:46:56'),
(153, 20, 5, 1, 8, '2025-11-28 08:46:56'),
(154, 21, 3, 1, 5, '2025-11-28 08:50:30'),
(155, 21, 3, 1, 6, '2025-11-28 08:50:30'),
(156, 21, 3, 1, 7, '2025-11-28 08:50:30'),
(157, 21, 3, 1, 8, '2025-11-28 08:50:30'),
(158, 21, 2, 1, 5, '2025-11-28 08:50:30'),
(159, 21, 2, 1, 6, '2025-11-28 08:50:30'),
(160, 21, 2, 1, 7, '2025-11-28 08:50:30'),
(161, 21, 2, 1, 8, '2025-11-28 08:50:30'),
(162, 21, 5, 1, 5, '2025-11-28 08:50:30'),
(163, 21, 5, 1, 6, '2025-11-28 08:50:30'),
(164, 21, 5, 1, 7, '2025-11-28 08:50:30'),
(165, 21, 5, 1, 8, '2025-11-28 08:50:30'),
(166, 22, 3, 1, 6, '2025-11-28 08:53:56'),
(167, 22, 3, 1, 7, '2025-11-28 08:53:56'),
(168, 22, 3, 1, 8, '2025-11-28 08:53:56'),
(169, 22, 3, 1, 9, '2025-11-28 08:53:56'),
(170, 22, 2, 1, 6, '2025-11-28 08:53:56'),
(171, 22, 2, 1, 7, '2025-11-28 08:53:56'),
(172, 22, 2, 1, 8, '2025-11-28 08:53:56'),
(173, 22, 2, 1, 9, '2025-11-28 08:53:56'),
(174, 22, 5, 1, 6, '2025-11-28 08:53:56'),
(175, 22, 5, 1, 7, '2025-11-28 08:53:56'),
(176, 22, 5, 1, 8, '2025-11-28 08:53:56'),
(177, 22, 5, 1, 9, '2025-11-28 08:53:56'),
(178, 22, 4, 1, 6, '2025-11-28 08:53:56'),
(179, 22, 4, 1, 7, '2025-11-28 08:53:56'),
(180, 22, 4, 1, 8, '2025-11-28 08:53:56'),
(181, 22, 4, 1, 9, '2025-11-28 08:53:56'),
(182, 22, 6, 1, 6, '2025-11-28 08:53:56'),
(183, 22, 6, 1, 7, '2025-11-28 08:53:56'),
(184, 22, 6, 1, 8, '2025-11-28 08:53:56'),
(185, 22, 6, 1, 9, '2025-11-28 08:53:56'),
(186, 23, 3, 1, 5, '2025-11-28 08:58:45'),
(187, 23, 3, 1, 6, '2025-11-28 08:58:45'),
(188, 23, 3, 1, 7, '2025-11-28 08:58:45'),
(189, 23, 3, 1, 8, '2025-11-28 08:58:45'),
(190, 23, 3, 1, 3, '2025-11-28 08:58:45'),
(191, 23, 3, 1, 9, '2025-11-28 08:58:45'),
(192, 23, 3, 1, 4, '2025-11-28 08:58:45'),
(193, 23, 2, 1, 5, '2025-11-28 08:58:45'),
(194, 23, 2, 1, 6, '2025-11-28 08:58:45'),
(195, 23, 2, 1, 7, '2025-11-28 08:58:45'),
(196, 23, 2, 1, 8, '2025-11-28 08:58:45'),
(197, 23, 2, 1, 3, '2025-11-28 08:58:45'),
(198, 23, 2, 1, 9, '2025-11-28 08:58:45'),
(199, 23, 2, 1, 4, '2025-11-28 08:58:45'),
(200, 23, 5, 1, 5, '2025-11-28 08:58:45'),
(201, 23, 5, 1, 6, '2025-11-28 08:58:45'),
(202, 23, 5, 1, 7, '2025-11-28 08:58:45'),
(203, 23, 5, 1, 8, '2025-11-28 08:58:45'),
(204, 23, 5, 1, 3, '2025-11-28 08:58:45'),
(205, 23, 5, 1, 9, '2025-11-28 08:58:45'),
(206, 23, 5, 1, 4, '2025-11-28 08:58:45'),
(207, 23, 4, 1, 5, '2025-11-28 08:58:45'),
(208, 23, 4, 1, 6, '2025-11-28 08:58:45'),
(209, 23, 4, 1, 7, '2025-11-28 08:58:45'),
(210, 23, 4, 1, 8, '2025-11-28 08:58:45'),
(211, 23, 4, 1, 3, '2025-11-28 08:58:45'),
(212, 23, 4, 1, 9, '2025-11-28 08:58:45'),
(213, 23, 4, 1, 4, '2025-11-28 08:58:45'),
(214, 23, 6, 1, 5, '2025-11-28 08:58:45'),
(215, 23, 6, 1, 6, '2025-11-28 08:58:45'),
(216, 23, 6, 1, 7, '2025-11-28 08:58:45'),
(217, 23, 6, 1, 8, '2025-11-28 08:58:45'),
(218, 23, 6, 1, 3, '2025-11-28 08:58:45'),
(219, 23, 6, 1, 9, '2025-11-28 08:58:45'),
(220, 23, 6, 1, 4, '2025-11-28 08:58:45'),
(221, 23, 1, 1, 5, '2025-11-28 08:58:45'),
(222, 23, 1, 1, 6, '2025-11-28 08:58:45'),
(223, 23, 1, 1, 7, '2025-11-28 08:58:45'),
(224, 23, 1, 1, 8, '2025-11-28 08:58:45'),
(225, 23, 1, 1, 3, '2025-11-28 08:58:45'),
(226, 23, 1, 1, 9, '2025-11-28 08:58:45'),
(227, 23, 1, 1, 4, '2025-11-28 08:58:45');

-- --------------------------------------------------------

--
-- Table structure for table `relationships`
--

CREATE TABLE `relationships` (
  `id` int(11) NOT NULL,
  `name` varchar(100) NOT NULL,
  `display_name` varchar(100) NOT NULL,
  `icon` varchar(50) DEFAULT NULL
) ENGINE=InnoDB DEFAULT CHARSET=utf8mb4 COLLATE=utf8mb4_unicode_ci;

--
-- Dumping data for table `relationships`
--

INSERT INTO `relationships` (`id`, `name`, `display_name`, `icon`) VALUES
(1, 'Friend', 'เพื่อน', NULL),
(2, 'Lover / Partner', 'คู่รัก/คนคุย', NULL),
(3, 'Family', 'ครอบครัว', NULL),
(4, 'Respectful Adults', 'ผู้ใหญ่ที่เคารพ', NULL),
(5, 'self-geft', 'ตัวเอง', NULL),
(6, 'Guests', 'ลูกค้า', NULL);

-- --------------------------------------------------------

--
-- Table structure for table `reviews`
--

CREATE TABLE `reviews` (
  `id` int(11) NOT NULL,
  `product_id` int(11) NOT NULL,
  `rating` tinyint(4) NOT NULL CHECK (`rating` between 1 and 5),
  `content` text DEFAULT NULL,
  `author_name` varchar(190) DEFAULT NULL,
  `created_at` timestamp NOT NULL DEFAULT current_timestamp()
) ENGINE=InnoDB DEFAULT CHARSET=utf8mb4 COLLATE=utf8mb4_unicode_ci;

-- --------------------------------------------------------

--
-- Table structure for table `search_logs`
--

CREATE TABLE `search_logs` (
  `id` int(11) NOT NULL,
  `user_id` int(11) DEFAULT NULL,
  `budget_id` int(11) DEFAULT NULL,
  `gender_id` int(11) DEFAULT NULL,
  `age_range_id` int(11) DEFAULT NULL,
  `relationship_id` int(11) DEFAULT NULL,
  `categories_json` text DEFAULT NULL,
  `created_at` timestamp NOT NULL DEFAULT current_timestamp()
) ENGINE=InnoDB DEFAULT CHARSET=utf8mb4 COLLATE=utf8mb4_unicode_ci;

-- --------------------------------------------------------

--
-- Table structure for table `stories`
--

CREATE TABLE `stories` (
  `story_id` int(10) UNSIGNED NOT NULL,
  `cover_image` varchar(255) NOT NULL DEFAULT 'assets/images/story-default-cover.png',
  `story_title` varchar(200) NOT NULL,
  `story_excerpt` text DEFAULT NULL,
  `body_text` text NOT NULL,
  `like_count` int(10) UNSIGNED NOT NULL DEFAULT 0,
  `author_id` int(10) UNSIGNED NOT NULL,
  `tags_text` text DEFAULT NULL,
  `created_at` datetime NOT NULL DEFAULT current_timestamp(),
  `updated_at` datetime NOT NULL DEFAULT current_timestamp() ON UPDATE current_timestamp()
) ENGINE=InnoDB DEFAULT CHARSET=utf8mb4 COLLATE=utf8mb4_unicode_ci;

-- --------------------------------------------------------

--
-- Table structure for table `story_likes`
--

CREATE TABLE `story_likes` (
  `story_id` int(10) UNSIGNED NOT NULL,
  `user_id` int(11) NOT NULL,
  `created_at` datetime NOT NULL DEFAULT current_timestamp()
) ENGINE=InnoDB DEFAULT CHARSET=utf8mb4 COLLATE=utf8mb4_unicode_ci;

-- --------------------------------------------------------

--
-- Table structure for table `story_saves`
--

CREATE TABLE `story_saves` (
  `story_id` int(10) UNSIGNED NOT NULL,
  `user_id` int(11) NOT NULL,
  `created_at` datetime NOT NULL DEFAULT current_timestamp()
) ENGINE=InnoDB DEFAULT CHARSET=utf8mb4 COLLATE=utf8mb4_unicode_ci;

-- --------------------------------------------------------

--
-- Table structure for table `users`
--

CREATE TABLE `users` (
  `id` int(11) NOT NULL,
  `email` varchar(190) DEFAULT NULL,
  `name` varchar(190) DEFAULT NULL,
  `created_at` timestamp NOT NULL DEFAULT current_timestamp(),
  `updated_at` timestamp NOT NULL DEFAULT current_timestamp() ON UPDATE current_timestamp(),
  `password_hash` varchar(255) NOT NULL DEFAULT '',
  `google_id` varchar(255) DEFAULT NULL
) ENGINE=InnoDB DEFAULT CHARSET=utf8mb4 COLLATE=utf8mb4_unicode_ci;

--
-- Dumping data for table `users`
--

INSERT INTO `users` (`id`, `email`, `name`, `created_at`, `updated_at`, `password_hash`, `google_id`) VALUES
(1, 'zenmuteki@gmail.com', 'Z', '2025-11-17 10:05:32', '2025-11-25 04:28:11', '$2y$10$poRgg.xq8cjGPEe2Ii8/EewebmYZ3Mv2.QR3ePCE9rS2vGh2SBMui', '110400794228607618385'),
(2, 'shin.muteki07@gmail.com', 'Shin Muteki', '2025-11-17 10:06:47', '2025-11-17 10:06:47', '', '113749046267031788356'),
(3, 'phisinee.manomaneerat@gmail.com', 'Zento 180', '2025-11-24 02:19:30', '2025-11-24 02:19:30', '', '114521391880218125328'),
(4, 'zen.bit07@gmail.com', 'Zen Muteki', '2025-11-25 04:28:49', '2025-11-25 04:28:49', '', '115590810734298013671'),
(5, 'phupa2006@gmail.com', 'Phupa Promnoi', '2025-11-25 04:35:48', '2025-11-25 04:35:48', '', '112053801038775570668'),
(6, 'nainai02777@gmail.com', 'ืnai', '2025-11-28 04:41:44', '2025-11-28 04:41:44', '$2y$10$DSGRKdHabGbURXWf/CqMxuSEZkWsS4Nwb9pE54e2Wvb9d1z7i6.4u', NULL);

--
-- Indexes for dumped tables
--

--
-- Indexes for table `age_ranges`
--
ALTER TABLE `age_ranges`
  ADD PRIMARY KEY (`id`),
  ADD UNIQUE KEY `name` (`name`);

--
-- Indexes for table `bookmarks`
--
ALTER TABLE `bookmarks`
  ADD PRIMARY KEY (`id`),
  ADD KEY `user_id` (`user_id`),
  ADD KEY `product_id` (`product_id`),
  ADD KEY `folder_id` (`folder_id`);

--
-- Indexes for table `bookmark_folders`
--
ALTER TABLE `bookmark_folders`
  ADD PRIMARY KEY (`id`),
  ADD KEY `user_id` (`user_id`);

--
-- Indexes for table `budget_options`
--
ALTER TABLE `budget_options`
  ADD PRIMARY KEY (`id`),
  ADD UNIQUE KEY `name` (`name`);

--
-- Indexes for table `categories`
--
ALTER TABLE `categories`
  ADD PRIMARY KEY (`id`),
  ADD UNIQUE KEY `name` (`name`);

--
-- Indexes for table `genders`
--
ALTER TABLE `genders`
  ADD PRIMARY KEY (`id`),
  ADD UNIQUE KEY `name` (`name`);

--
-- Indexes for table `gift_recipients`
--
ALTER TABLE `gift_recipients`
  ADD PRIMARY KEY (`id`),
  ADD KEY `user_id` (`user_id`);

--
-- Indexes for table `interests`
--
ALTER TABLE `interests`
  ADD PRIMARY KEY (`id`),
  ADD UNIQUE KEY `name` (`name`);

--
-- Indexes for table `products`
--
ALTER TABLE `products`
  ADD PRIMARY KEY (`id`);

--
-- Indexes for table `product_budgets`
--
ALTER TABLE `product_budgets`
  ADD PRIMARY KEY (`product_id`,`budget_id`),
  ADD KEY `budget_id` (`budget_id`);

--
-- Indexes for table `product_categories`
--
ALTER TABLE `product_categories`
  ADD PRIMARY KEY (`product_id`,`category_id`),
  ADD KEY `category_id` (`category_id`);

--
-- Indexes for table `product_external_urls`
--
ALTER TABLE `product_external_urls`
  ADD PRIMARY KEY (`id`),
  ADD KEY `product_id` (`product_id`);

--
-- Indexes for table `product_interests`
--
ALTER TABLE `product_interests`
  ADD PRIMARY KEY (`product_id`,`interest_id`),
  ADD KEY `interest_id` (`interest_id`);

--
-- Indexes for table `product_target_audiences`
--
ALTER TABLE `product_target_audiences`
  ADD PRIMARY KEY (`id`),
  ADD UNIQUE KEY `unique_product_audience` (`product_id`,`relationship_id`,`gender_id`,`age_range_id`),
  ADD KEY `relationship_id` (`relationship_id`),
  ADD KEY `gender_id` (`gender_id`),
  ADD KEY `age_range_id` (`age_range_id`);

--
-- Indexes for table `relationships`
--
ALTER TABLE `relationships`
  ADD PRIMARY KEY (`id`),
  ADD UNIQUE KEY `name` (`name`);

--
-- Indexes for table `reviews`
--
ALTER TABLE `reviews`
  ADD PRIMARY KEY (`id`),
  ADD KEY `product_id` (`product_id`);

--
-- Indexes for table `search_logs`
--
ALTER TABLE `search_logs`
  ADD PRIMARY KEY (`id`);

--
-- Indexes for table `stories`
--
ALTER TABLE `stories`
  ADD PRIMARY KEY (`story_id`);

--
-- Indexes for table `story_likes`
--
ALTER TABLE `story_likes`
  ADD PRIMARY KEY (`story_id`,`user_id`),
  ADD KEY `user_id` (`user_id`);

--
-- Indexes for table `story_saves`
--
ALTER TABLE `story_saves`
  ADD PRIMARY KEY (`story_id`,`user_id`),
  ADD KEY `user_id` (`user_id`);

--
-- Indexes for table `users`
--
ALTER TABLE `users`
  ADD PRIMARY KEY (`id`),
  ADD UNIQUE KEY `email` (`email`);

--
-- AUTO_INCREMENT for dumped tables
--

--
-- AUTO_INCREMENT for table `age_ranges`
--
ALTER TABLE `age_ranges`
  MODIFY `id` int(11) NOT NULL AUTO_INCREMENT, AUTO_INCREMENT=10;

--
-- AUTO_INCREMENT for table `bookmarks`
--
ALTER TABLE `bookmarks`
  MODIFY `id` int(11) NOT NULL AUTO_INCREMENT, AUTO_INCREMENT=46;

--
-- AUTO_INCREMENT for table `bookmark_folders`
--
ALTER TABLE `bookmark_folders`
  MODIFY `id` int(11) NOT NULL AUTO_INCREMENT, AUTO_INCREMENT=15;

--
-- AUTO_INCREMENT for table `budget_options`
--
ALTER TABLE `budget_options`
  MODIFY `id` int(11) NOT NULL AUTO_INCREMENT, AUTO_INCREMENT=5;

--
-- AUTO_INCREMENT for table `categories`
--
ALTER TABLE `categories`
  MODIFY `id` int(11) NOT NULL AUTO_INCREMENT, AUTO_INCREMENT=33;

--
-- AUTO_INCREMENT for table `genders`
--
ALTER TABLE `genders`
  MODIFY `id` int(11) NOT NULL AUTO_INCREMENT, AUTO_INCREMENT=5;

--
-- AUTO_INCREMENT for table `gift_recipients`
--
ALTER TABLE `gift_recipients`
  MODIFY `id` int(11) NOT NULL AUTO_INCREMENT, AUTO_INCREMENT=5;

--
-- AUTO_INCREMENT for table `interests`
--
ALTER TABLE `interests`
  MODIFY `id` int(11) NOT NULL AUTO_INCREMENT, AUTO_INCREMENT=48;

--
-- AUTO_INCREMENT for table `products`
--
ALTER TABLE `products`
  MODIFY `id` int(11) NOT NULL AUTO_INCREMENT, AUTO_INCREMENT=24;

--
-- AUTO_INCREMENT for table `product_external_urls`
--
ALTER TABLE `product_external_urls`
  MODIFY `id` int(11) NOT NULL AUTO_INCREMENT;

--
-- AUTO_INCREMENT for table `product_target_audiences`
--
ALTER TABLE `product_target_audiences`
  MODIFY `id` int(11) NOT NULL AUTO_INCREMENT, AUTO_INCREMENT=228;

--
-- AUTO_INCREMENT for table `relationships`
--
ALTER TABLE `relationships`
  MODIFY `id` int(11) NOT NULL AUTO_INCREMENT, AUTO_INCREMENT=7;

--
-- AUTO_INCREMENT for table `reviews`
--
ALTER TABLE `reviews`
  MODIFY `id` int(11) NOT NULL AUTO_INCREMENT;

--
-- AUTO_INCREMENT for table `search_logs`
--
ALTER TABLE `search_logs`
  MODIFY `id` int(11) NOT NULL AUTO_INCREMENT;

--
-- AUTO_INCREMENT for table `stories`
--
ALTER TABLE `stories`
  MODIFY `story_id` int(10) UNSIGNED NOT NULL AUTO_INCREMENT;

--
-- AUTO_INCREMENT for table `users`
--
ALTER TABLE `users`
  MODIFY `id` int(11) NOT NULL AUTO_INCREMENT, AUTO_INCREMENT=7;

--
-- Constraints for dumped tables
--

--
-- Constraints for table `bookmarks`
--
ALTER TABLE `bookmarks`
  ADD CONSTRAINT `bookmarks_ibfk_1` FOREIGN KEY (`user_id`) REFERENCES `users` (`id`) ON DELETE CASCADE,
  ADD CONSTRAINT `bookmarks_ibfk_2` FOREIGN KEY (`product_id`) REFERENCES `products` (`id`) ON DELETE CASCADE,
  ADD CONSTRAINT `bookmarks_ibfk_3` FOREIGN KEY (`folder_id`) REFERENCES `bookmark_folders` (`id`) ON DELETE SET NULL,
  ADD CONSTRAINT `bookmarks_ibfk_4` FOREIGN KEY (`folder_id`) REFERENCES `bookmark_folders` (`id`) ON DELETE SET NULL,
  ADD CONSTRAINT `bookmarks_ibfk_5` FOREIGN KEY (`user_id`) REFERENCES `users` (`id`) ON DELETE CASCADE,
  ADD CONSTRAINT `bookmarks_ibfk_6` FOREIGN KEY (`product_id`) REFERENCES `products` (`id`) ON DELETE CASCADE;

--
-- Constraints for table `bookmark_folders`
--
ALTER TABLE `bookmark_folders`
  ADD CONSTRAINT `bookmark_folders_ibfk_1` FOREIGN KEY (`user_id`) REFERENCES `users` (`id`) ON DELETE CASCADE,
  ADD CONSTRAINT `bookmark_folders_ibfk_2` FOREIGN KEY (`user_id`) REFERENCES `users` (`id`) ON DELETE CASCADE;

--
-- Constraints for table `gift_recipients`
--
ALTER TABLE `gift_recipients`
  ADD CONSTRAINT `gift_recipients_ibfk_1` FOREIGN KEY (`user_id`) REFERENCES `users` (`id`) ON DELETE CASCADE;

--
-- Constraints for table `product_budgets`
--
ALTER TABLE `product_budgets`
  ADD CONSTRAINT `product_budgets_ibfk_1` FOREIGN KEY (`product_id`) REFERENCES `products` (`id`) ON DELETE CASCADE,
  ADD CONSTRAINT `product_budgets_ibfk_2` FOREIGN KEY (`budget_id`) REFERENCES `budget_options` (`id`) ON DELETE CASCADE;

--
-- Constraints for table `product_categories`
--
ALTER TABLE `product_categories`
  ADD CONSTRAINT `product_categories_ibfk_1` FOREIGN KEY (`product_id`) REFERENCES `products` (`id`) ON DELETE CASCADE,
  ADD CONSTRAINT `product_categories_ibfk_2` FOREIGN KEY (`category_id`) REFERENCES `categories` (`id`) ON DELETE CASCADE;

--
-- Constraints for table `product_external_urls`
--
ALTER TABLE `product_external_urls`
  ADD CONSTRAINT `product_external_urls_ibfk_1` FOREIGN KEY (`product_id`) REFERENCES `products` (`id`) ON DELETE CASCADE;

--
-- Constraints for table `product_interests`
--
ALTER TABLE `product_interests`
  ADD CONSTRAINT `product_interests_ibfk_1` FOREIGN KEY (`product_id`) REFERENCES `products` (`id`) ON DELETE CASCADE,
  ADD CONSTRAINT `product_interests_ibfk_2` FOREIGN KEY (`interest_id`) REFERENCES `interests` (`id`) ON DELETE CASCADE;

--
-- Constraints for table `product_target_audiences`
--
ALTER TABLE `product_target_audiences`
  ADD CONSTRAINT `product_target_audiences_ibfk_1` FOREIGN KEY (`product_id`) REFERENCES `products` (`id`) ON DELETE CASCADE,
  ADD CONSTRAINT `product_target_audiences_ibfk_2` FOREIGN KEY (`relationship_id`) REFERENCES `relationships` (`id`) ON DELETE CASCADE,
  ADD CONSTRAINT `product_target_audiences_ibfk_3` FOREIGN KEY (`gender_id`) REFERENCES `genders` (`id`) ON DELETE CASCADE,
  ADD CONSTRAINT `product_target_audiences_ibfk_4` FOREIGN KEY (`age_range_id`) REFERENCES `age_ranges` (`id`) ON DELETE CASCADE;

--
-- Constraints for table `reviews`
--
ALTER TABLE `reviews`
  ADD CONSTRAINT `reviews_ibfk_1` FOREIGN KEY (`product_id`) REFERENCES `products` (`id`) ON DELETE CASCADE;

--
-- Constraints for table `story_likes`
--
ALTER TABLE `story_likes`
  ADD CONSTRAINT `story_likes_ibfk_1` FOREIGN KEY (`story_id`) REFERENCES `stories` (`story_id`) ON DELETE CASCADE,
  ADD CONSTRAINT `story_likes_ibfk_2` FOREIGN KEY (`user_id`) REFERENCES `users` (`id`) ON DELETE CASCADE;

--
-- Constraints for table `story_saves`
--
ALTER TABLE `story_saves`
  ADD CONSTRAINT `story_saves_ibfk_1` FOREIGN KEY (`story_id`) REFERENCES `stories` (`story_id`) ON DELETE CASCADE,
  ADD CONSTRAINT `story_saves_ibfk_2` FOREIGN KEY (`user_id`) REFERENCES `users` (`id`) ON DELETE CASCADE;
COMMIT;

/*!40101 SET CHARACTER_SET_CLIENT=@OLD_CHARACTER_SET_CLIENT */;
/*!40101 SET CHARACTER_SET_RESULTS=@OLD_CHARACTER_SET_RESULTS */;
/*!40101 SET COLLATION_CONNECTION=@OLD_COLLATION_CONNECTION */;
